"scenario","replicate","time_point","method","estimate","se","ci_lower","ci_upper","truth","bias","covers","runtime"
"simple",1,90,"TMLE",1.66982257091485e-09,0.000170833831021369,-0.000334832638979312,0.000334835978624454,0.00032726337689053,-0.00032726170706796,1,0.360000000000582
"simple",1,90,"TMLE-CF",3.23360464652806e-08,0.000236613914651169,-0.000463730936669826,0.000463795608762757,0.00032726337689053,-0.000327231040844065,1,0.590000000000146
"simple",1,90,"AIPW",-2.85982808360463e-07,0.000170833822666002,-0.000335120275233724,0.000334548309617003,0.00032726337689053,-0.000327549359698891,1,0.220000000001164
"simple",1,90,"IPTW",0,0,0,0,0.00032726337689053,-0.00032726337689053,0,0.110000000000582
"simple",1,90,"G-computation",-7.18936274582221e-26,5.64672241275446e-26,-1.82569386748209e-25,3.87821318317652e-26,0.00032726337689053,-0.00032726337689053,0,10.6200000000026
"simple",1,90,"Cox PH",NA,NA,NA,NA,0.00032726337689053,NA,NA,0.0800000000017462
"simple",1,180,"TMLE",1.15497348016821e-09,0.000351219602168863,-0.000688389265277491,0.000688391575224451,0.000374015287874892,-0.000374014132901412,1,0.150000000001455
"simple",1,180,"TMLE-CF",9.68886904840596e-08,0.0017268084354184,-0.00338444764472957,0.00338464142211054,0.000374015287874892,-0.000373918399184408,1,0.56000000000131
"simple",1,180,"AIPW",-8.69855415834938e-05,0.000351194245006008,-0.00077532626179527,0.000601355178628282,0.000374015287874892,-0.000461000829458386,1,0.110000000000582
"simple",1,180,"IPTW",0,0,0,0,0.000374015287874892,-0.000374015287874892,0,0
"simple",1,180,"G-computation",-7.18936274582221e-26,5.03944844576565e-26,-1.70666816995229e-25,2.68795620787845e-26,0.000374015287874892,-0.000374015287874892,0,11.25
"simple",1,180,"Cox PH",NA,NA,NA,NA,0.000374015287874892,NA,NA,0
"simple",2,90,"TMLE",0.00267166725088851,0.00232432037750892,-0.00188400068902897,0.00722733519080598,0.00032726337689053,0.00234440387399798,1,0.0600000000013097
"simple",2,90,"TMLE-CF",0.0120282445258199,0.0444960878606892,-0.0751840876811309,0.0992405767327707,0.00032726337689053,0.0117009811489294,1,0.340000000000146
"simple",2,90,"AIPW",9.90851331712081e-05,0.000163412513627117,-0.000221203393537941,0.000419373659880357,0.00032726337689053,-0.000228178243719322,1,0.0500000000029104
"simple",2,90,"IPTW",0.00775896081548522,0.00220027979016214,0.00344641242676742,0.012071509204203,0.00032726337689053,0.00743169743859469,0,0.0200000000004366
"simple",2,90,"G-computation",6.13463518065079e-07,3.2204427229918e-26,6.13463518065079e-07,6.13463518065079e-07,0.00032726337689053,-0.000326649913372465,0,9.67000000000189
"simple",2,90,"Cox PH",0,NA,NA,NA,0.00032726337689053,-0.00032726337689053,NA,0.75
"simple",2,180,"TMLE",0.002523444860133,0.00226489684279424,-0.0019157529517437,0.0069626426720097,0.000374015287874892,0.00214942957225811,1,0.069999999999709
"simple",2,180,"TMLE-CF",0.0177511244190869,0.0482709912196386,-0.0768600183714047,0.112362267209579,0.000374015287874892,0.017377109131212,1,0.279999999998836
"simple",2,180,"AIPW",0.000286781717935078,0.000257887564900094,-0.000218677909269107,0.000792241345139262,0.000374015287874892,-8.72335699398142e-05,1,0.0599999999976717
"simple",2,180,"IPTW",0.00775896081548522,0.00220027979016214,0.00344641242676742,0.012071509204203,0.000374015287874892,0.00738494552761032,0,0.0100000000020373
"simple",2,180,"G-computation",6.13463518065079e-07,3.31541694017442e-26,6.13463518065079e-07,6.13463518065079e-07,0.000374015287874892,-0.000373401824356827,0,9.94999999999709
"simple",2,180,"Cox PH",0,NA,NA,NA,0.000374015287874892,-0.000374015287874892,NA,0.770000000000437
"simple",3,90,"TMLE",-1.28318000109738e-10,0.000174185852689079,-0.000341404399588596,0.000341404142952595,0.00032726337689053,-0.000327263505208531,1,0.110000000000582
"simple",3,90,"TMLE-CF",1.06431445565665e-07,0.000374696369094896,-0.00073429845198043,0.000734511314871562,0.00032726337689053,-0.000327156945444965,1,0.380000000001019
"simple",3,90,"AIPW",-2.47904580593722e-05,0.000174181815150166,-0.000366186815753697,0.000316605899634952,0.00032726337689053,-0.000352053834949903,0,0.0600000000013097
"simple",3,90,"IPTW",0,0,0,0,0.00032726337689053,-0.00032726337689053,0,0.0200000000004366
"simple",3,90,"G-computation",-4.11974719142621e-26,5.1026387554076e-26,-1.41209191520251e-25,5.88142476917269e-26,0.00032726337689053,-0.00032726337689053,0,7.32999999999811
"simple",3,90,"Cox PH",0,NA,NA,NA,0.00032726337689053,-0.00032726337689053,NA,0.840000000000146
"simple",3,180,"TMLE",0.00295994274360989,0.00238206717545134,-0.00170890892027473,0.0076287944074945,0.000374015287874892,0.00258592745573499,1,0.0900000000001455
"simple",3,180,"TMLE-CF",-1.84773534534749e-07,0.146471872281915,-0.287085054446087,0.287084684899018,0.000374015287874892,-0.000374200061409427,1,0.390000000003056
"simple",3,180,"AIPW",7.46276260707346e-05,0.000334158304267207,-0.00058032265029299,0.00072957790243446,0.000374015287874892,-0.000299387661804157,1,0.069999999999709
"simple",3,180,"IPTW",0.01902717177866,0.00283819138147777,0.0134643166709635,0.0245900268863564,0.000374015287874892,0.0186531564907851,0,0.0200000000004366
"simple",3,180,"G-computation",6.88408498868837e-09,3.88912447207765e-26,6.88408498868837e-09,6.88408498868837e-09,0.000374015287874892,-0.000374008403789903,0,7.55999999999767
"simple",3,180,"Cox PH",0,NA,NA,NA,0.000374015287874892,-0.000374015287874892,NA,0.959999999999127
"simple",4,90,"TMLE",-0.00388880894560208,0.00267442681039666,-0.00913068549397953,0.00135306760277536,0.00032726337689053,-0.00421607232249262,1,0.0400000000008731
"simple",4,90,"TMLE-CF",-0.0124890560819572,0.0371858657469101,-0.0853733529459011,0.0603952407819867,0.00032726337689053,-0.0128163194588477,1,0.349999999998545
"simple",4,90,"AIPW",-0.000113632987779928,0.000196276153453157,-0.000498334248548115,0.000271068272988259,0.00032726337689053,-0.000440896364670458,0,0.0499999999992724
"simple",4,90,"IPTW",-0.0187291458664334,0.00388262595795963,-0.0263390927440343,-0.0111191989888325,0.00032726337689053,-0.0190564092433239,0,0.0200000000004366
"simple",4,90,"G-computation",-2.70214038999763e-06,2.13367300336332e-26,-2.70214038999763e-06,-2.70214038999763e-06,0.00032726337689053,-0.000329965517280528,0,8.25
"simple",4,90,"Cox PH",0,NA,NA,NA,0.00032726337689053,-0.00032726337689053,NA,0.68999999999869
"simple",4,180,"TMLE",-0.00754204348356943,0.00411885788927993,-0.0156150049465581,0.000530917979419231,0.000374015287874892,-0.00791605877144432,1,0.0499999999992724
"simple",4,180,"TMLE-CF",0.00273598085414249,0.217175783086742,-0.422928553995872,0.428400515704157,0.000374015287874892,0.0023619655662676,1,0.279999999998836
"simple",4,180,"AIPW",-0.000575828251938926,0.00041355057940441,-0.00138638738757157,0.000234730883693719,0.000374015287874892,-0.000949843539813818,0,0.0499999999992724
"simple",4,180,"IPTW",-0.0302402404776204,0.00463850767655019,-0.0393317155236588,-0.021148765431582,0.000374015287874892,-0.0306142557654953,0,0.0200000000004366
"simple",4,180,"G-computation",-0.000501232736552939,9.54515251979136e-27,-0.000501232736552939,-0.000501232736552939,0.000374015287874892,-0.000875248024427831,0,5.05999999999767
"simple",4,180,"Cox PH",0,NA,NA,NA,0.000374015287874892,-0.000374015287874892,NA,0.580000000001746
"simple",5,90,"TMLE",0.00283527468161423,0.00239077899426048,-0.00185065214713632,0.00752120151036478,0.00032726337689053,0.0025080113047237,1,0.0499999999992724
"simple",5,90,"TMLE-CF",-1.4359106674654e-13,0.257889095169776,-0.505462626532905,0.505462626532618,0.00032726337689053,-0.000327263377034122,1,0.209999999999127
"simple",5,90,"AIPW",-2.05239627626324e-05,0.000197060408852499,-0.00040676236411353,0.000365714438588265,0.00032726337689053,-0.000347787339653163,1,0.0299999999988358
"simple",5,90,"IPTW",0.0104207272794408,0.00217417213988866,0.00615934988525899,0.0146821046736225,0.00032726337689053,0.0100934639025502,0,0.0100000000020373
"simple",5,90,"G-computation",5.61183048767601e-08,3.75364199528577e-26,5.61183048767601e-08,5.61183048767601e-08,0.00032726337689053,-0.000327207258585654,0,5.61999999999898
"simple",5,90,"Cox PH",0,NA,NA,NA,0.00032726337689053,-0.00032726337689053,NA,0.56000000000131
"simple",5,180,"TMLE",0.00294599853223597,0.00242568928829274,-0.00180835247281779,0.00770034953728973,0.000374015287874892,0.00257198324436108,1,0.0799999999981083
"simple",5,180,"TMLE-CF",-4.52017956088973e-06,0.0539868521325709,-0.1058187503594,0.105809710000278,0.000374015287874892,-0.000378535467435782,1,0.25
"simple",5,180,"AIPW",0.000192760104718198,0.000270201009984768,-0.000336833874851947,0.000722354084288343,0.000374015287874892,-0.000181255183156694,1,0.0600000000013097
"simple",5,180,"IPTW",0.0104207272794408,0.00217417213988866,0.00615934988525899,0.0146821046736225,0.000374015287874892,0.0100467119915659,0,0.00999999999839929
"simple",5,180,"G-computation",5.61183048767601e-08,3.34185172813702e-26,5.61183048767601e-08,5.61183048767601e-08,0.000374015287874892,-0.000373959169570015,0,6.12999999999738
"simple",5,180,"Cox PH",0,NA,NA,NA,0.000374015287874892,-0.000374015287874892,NA,0.590000000000146
"simple",6,90,"TMLE",1.57530457450724e-09,0.000165647160902383,-0.000324666860064096,0.000324670010673245,0.00032726337689053,-0.000327261801585956,0,0.0600000000013097
"simple",6,90,"TMLE-CF",-2.46065193427101e-09,0.000285395682088625,-0.00055937799754564,0.000559373076241772,0.00032726337689053,-0.000327265837542465,1,0.25
"simple",6,90,"AIPW",7.41215981106467e-05,0.000165609905838868,-0.000250473817333535,0.000398717013554828,0.00032726337689053,-0.000253141778779884,1,0.0600000000013097
"simple",6,90,"IPTW",0,0,0,0,0.00032726337689053,-0.00032726337689053,0,0.0200000000004366
"simple",6,90,"G-computation",-8.23949438285242e-26,5.76614669915971e-26,-1.95411419132055e-25,3.06215314750062e-26,0.00032726337689053,-0.00032726337689053,0,6.5
"simple",6,90,"Cox PH",NA,NA,NA,NA,0.00032726337689053,NA,NA,0
"simple",6,180,"TMLE",-6.8195274915282e-09,0.000416636888796295,-0.00081661512156823,0.000816601482513247,0.000374015287874892,-0.000374022107402383,1,0.0599999999976717
"simple",6,180,"TMLE-CF",-1.56568182569234e-09,0.00181780505763137,-0.00356289947863931,0.00356289634727566,0.000374015287874892,-0.000374016853556717,1,0.229999999999563
"simple",6,180,"AIPW",1.00437567110128e-05,0.000416636540977168,-0.000806563863604237,0.000826651377026263,0.000374015287874892,-0.000363971531163879,1,0.0499999999992724
"simple",6,180,"IPTW",0,0,0,0,0.000374015287874892,-0.000374015287874892,0,0.0200000000004366
"simple",6,180,"G-computation",-8.23949438285242e-26,5.37725137832579e-26,-1.8778907084371e-25,2.29991831866612e-26,0.000374015287874892,-0.000374015287874892,0,6.29000000000087
"simple",6,180,"Cox PH",NA,NA,NA,NA,0.000374015287874892,NA,NA,0.0200000000004366
"simple",7,90,"TMLE",3.7042158311007e-08,0.000164944620992784,-0.000323254414987545,0.000323328499304167,0.00032726337689053,-0.000327226334732219,0,0.0299999999988358
"simple",7,90,"TMLE-CF",-9.57598783544889e-09,0.0232585034488288,-0.0455866763356923,0.0455866571837166,0.00032726337689053,-0.000327272952878366,1,0.210000000002765
"simple",7,90,"AIPW",3.38018346816815e-05,0.00016493624289365,-0.000289473201389873,0.000357076870753236,0.00032726337689053,-0.000293461542208849,1,0.0499999999992724
"simple",7,90,"IPTW",0,0,0,0,0.00032726337689053,-0.00032726337689053,0,0.0200000000004366
"simple",7,90,"G-computation",-5.12948915010911e-26,5.1803688522365e-26,-1.52830121004927e-25,5.02403380027444e-26,0.00032726337689053,-0.00032726337689053,0,6.45999999999913
"simple",7,90,"Cox PH",NA,NA,NA,NA,0.00032726337689053,NA,NA,0
"simple",7,180,"TMLE",1.27722874404702e-08,0.000516834040259439,-0.00101298194662106,0.00101300749119594,0.000374015287874892,-0.000374002515587451,1,0.069999999999709
"simple",7,180,"TMLE-CF",4.23772691479566e-07,0.00135315652541259,-0.0026517630171172,0.00265261056250016,0.000374015287874892,-0.000373591515183412,1,0.230000000003201
"simple",7,180,"AIPW",-0.000405699115047081,0.00051646350155391,-0.00141796757809274,0.000606569347998583,0.000374015287874892,-0.000779714402921973,1,0.0499999999992724
"simple",7,180,"IPTW",0,0,0,0,0.000374015287874892,-0.000374015287874892,0,0.0200000000004366
"simple",7,180,"G-computation",-5.12948915010911e-26,5.47169826725131e-26,-1.58540177539217e-25,5.59503945370347e-26,0.000374015287874892,-0.000374015287874892,0,6.10000000000218
"simple",7,180,"Cox PH",NA,NA,NA,NA,0.000374015287874892,NA,NA,0
"simple",8,90,"TMLE",-0.00249004834638084,0.00231373627651857,-0.00702497144835724,0.00204487475559555,0.00032726337689053,-0.00281731172327137,1,0.0499999999992724
"simple",8,90,"TMLE-CF",-0.00847089619671611,0.0109996812244137,-0.0300302713965669,0.0130884790031347,0.00032726337689053,-0.00879815957360664,1,0.209999999999127
"simple",8,90,"AIPW",3.06371526079172e-05,0.000184222040259308,-0.000330438046300326,0.000391712351516161,0.00032726337689053,-0.000296626224282613,1,0.0299999999988358
"simple",8,90,"IPTW",-0.00567470559911876,0.00194512865157064,-0.00948715775619721,-0.0018622534420403,0.00032726337689053,-0.00600196897600929,0,0.0100000000020373
"simple",8,90,"G-computation",1.0471903292425e-11,3.21401621777548e-26,1.04719032924249e-11,1.0471903292425e-11,0.00032726337689053,-0.000327263366418627,0,6.09000000000015
"simple",8,90,"Cox PH",0,NA,NA,NA,0.00032726337689053,-0.00032726337689053,NA,0.630000000001019
"simple",8,180,"TMLE",-0.00249678393919717,0.00233944092977859,-0.0070820881615632,0.00208852028316885,0.000374015287874892,-0.00287079922707207,1,0.0399999999972351
"simple",8,180,"TMLE-CF",-0.0119403304665347,0.0389579441956773,-0.0882979010900622,0.0644172401569928,0.000374015287874892,-0.0123143457544096,1,0.190000000002328
"simple",8,180,"AIPW",7.14718342050003e-06,0.000298000738922216,-0.000576934264867044,0.000591228631708044,0.000374015287874892,-0.000366868104454392,1,0.0600000000013097
"simple",8,180,"IPTW",-0.00567470559911876,0.00194512865157064,-0.00948715775619721,-0.0018622534420403,0.000374015287874892,-0.00604872088699365,0,0.0199999999967986
"simple",8,180,"G-computation",1.0471903292425e-11,3.28336716537667e-26,1.04719032924249e-11,1.0471903292425e-11,0.000374015287874892,-0.000374015277402988,0,5.67000000000189
"simple",8,180,"Cox PH",0,NA,NA,NA,0.000374015287874892,-0.000374015287874892,NA,0.580000000001746
"simple",9,90,"TMLE",6.26399199680394e-09,0.000173639860884271,-0.000340327863341174,0.000340340391325168,0.00032726337689053,-0.000327257112898534,1,0.069999999999709
"simple",9,90,"TMLE-CF",8.2444962400664e-09,0.000306094415284493,-0.000599936809461365,0.000599953298453846,0.00032726337689053,-0.00032725513239429,1,0.229999999999563
"simple",9,90,"AIPW",-4.46485164600567e-05,0.000173626376951609,-0.00038495621528521,0.000295659182365097,0.00032726337689053,-0.000371911893350587,0,0.0499999999992724
"simple",9,90,"IPTW",0,0,0,0,0.00032726337689053,-0.00032726337689053,0,0.0200000000004366
"simple",9,90,"G-computation",3.069615554396e-26,5.78440081987409e-26,-8.26781005255721e-26,1.44070411613492e-25,0.00032726337689053,-0.00032726337689053,0,6.86000000000058
"simple",9,90,"Cox PH",NA,NA,NA,NA,0.00032726337689053,NA,NA,0.0100000000020373
"simple",9,180,"TMLE",1.76584703201994e-08,0.000258596421081067,-0.00050683132684857,0.000506866643789211,0.000374015287874892,-0.000373997629404572,1,0.0299999999988358
"simple",9,180,"TMLE-CF",4.71950304653204e-07,0.00235272350397788,-0.00461086611749199,0.00461181001810129,0.000374015287874892,-0.000373543337570239,1,0.220000000001164
"simple",9,180,"AIPW",-5.63450748311779e-06,0.00025859629164898,-0.000512483239115119,0.000501214224148884,0.000374015287874892,-0.00037964979535801,1,0.0499999999992724
"simple",9,180,"IPTW",0,0,0,0,0.000374015287874892,-0.000374015287874892,0,0.00999999999839929
"simple",9,180,"G-computation",3.069615554396e-26,5.56705523955344e-26,-7.84181271512874e-26,1.39810438239207e-25,0.000374015287874892,-0.000374015287874892,0,6.34000000000015
"simple",9,180,"Cox PH",NA,NA,NA,NA,0.000374015287874892,NA,NA,0
"simple",10,90,"TMLE",0.00810713147401607,0.00359877919613491,0.00105352424959165,0.0151607386984405,0.00032726337689053,0.00777986809712554,0,0.0499999999992724
"simple",10,90,"TMLE-CF",-3.93192800023339e-06,0.628965425012837,-1.23277616495316,1.23276830109716,0.00032726337689053,-0.000331195304890764,1,0.209999999999127
"simple",10,90,"AIPW",0.0062123164856039,0.00247751913494129,0.00135637898111896,0.0110682539900888,0.00032726337689053,0.00588505310871337,0,0.0499999999992724
"simple",10,90,"IPTW",0.029491446493924,0.00695358403163546,0.0158624217919185,0.0431204711959295,0.00032726337689053,0.0291641831170335,0,0.00999999999839929
"simple",10,90,"G-computation",0.00620264430510187,2.28410320576779e-26,0.00620264430510187,0.00620264430510187,0.00032726337689053,0.00587538092821134,0,5.40999999999985
"simple",10,90,"Cox PH",0,NA,NA,NA,0.00032726337689053,-0.00032726337689053,NA,1
"simple",10,180,"TMLE",0.00781852327464846,0.00363298382294381,0.000697874981678584,0.0149391715676183,0.000374015287874892,0.00744450798677357,0,0.0399999999972351
"simple",10,180,"TMLE-CF",-7.52850725566685e-11,0.539500548909172,-1.05742107593726,1.05742107578669,0.000374015287874892,-0.000374015363159964,1,0.209999999999127
"simple",10,180,"AIPW",0.00638768743489192,0.00250686611785877,0.00147422984388874,0.0113011450258951,0.000374015287874892,0.00601367214701703,0,0.0499999999992724
"simple",10,180,"IPTW",0.029491446493924,0.00695358403163546,0.0158624217919185,0.0431204711959295,0.000374015287874892,0.0291174312060491,0,0
"simple",10,180,"G-computation",0.00620264430510187,2.59666621555974e-26,0.00620264430510187,0.00620264430510187,0.000374015287874892,0.00582862901722698,0,5.40999999999985
"simple",10,180,"Cox PH",0,NA,NA,NA,0.000374015287874892,-0.000374015287874892,NA,0.720000000001164
"nonlinear",1,90,"TMLE",0.00987590552736662,0.00462029081159905,0.000820135536632478,0.0189316755181008,0.00362327310128802,0.0062526324260786,1,0.0600000000013097
"nonlinear",1,90,"TMLE-CF",0.0402163732243853,0.0320524443662964,-0.0226064177335557,0.103039164182326,0.00362327310128802,0.0365931001230973,1,0.360000000000582
"nonlinear",1,90,"AIPW",0.000986471389465933,0.000440256872749727,0.000123567918876468,0.0018493748600554,0.00362327310128802,-0.00263680171182208,0,0.0600000000013097
"nonlinear",1,90,"IPTW",0.026087219164517,0.00323509817230463,0.0197464267467999,0.032428011582234,0.00362327310128802,0.0224639460632289,0,0.0200000000004366
"nonlinear",1,90,"G-computation",0.000939405145608408,2.91310117583171e-27,0.000939405145608408,0.000939405145608408,0.00362327310128802,-0.00268386795567961,0,8.70999999999913
"nonlinear",1,90,"Cox PH",0,NA,NA,NA,0.00362327310128802,-0.00362327310128802,NA,0.93999999999869
"nonlinear",1,180,"TMLE",0.0149334982864541,0.00567008132701485,0.00382013888550501,0.0260468576874032,0.00502583043081886,0.00990766785563526,1,0.109999999996944
"nonlinear",1,180,"TMLE-CF",0.0424838061267521,0.209789567211063,-0.368703745606932,0.453671357860436,0.00502583043081886,0.0374579756959332,1,0.279999999998836
"nonlinear",1,180,"AIPW",0.00294281487134091,0.00110606296360609,0.000774931462672966,0.00511069828000886,0.00502583043081886,-0.00208301555947795,1,0.0499999999992724
"nonlinear",1,180,"IPTW",0.0555901227686794,0.00402749234459806,0.0476962377732672,0.0634840077640916,0.00502583043081886,0.0505642923378605,0,0.0200000000004366
"nonlinear",1,180,"G-computation",0.00284935138998989,0,0.00284935138998989,0.00284935138998989,0.00502583043081886,-0.00217647904082897,0,5.65999999999985
"nonlinear",1,180,"Cox PH",0,NA,NA,NA,0.00502583043081886,-0.00502583043081886,NA,0.569999999999709
"nonlinear",2,90,"TMLE",0.0387570260165487,0.00919508399830326,0.0207346613798743,0.056779390653223,0.00362327310128802,0.0351337529152606,0,0.0400000000008731
"nonlinear",2,90,"TMLE-CF",0,0.0748120397096993,-0.146631597831011,0.146631597831011,0.00362327310128802,-0.00362327310128802,1,0.18999999999869
"nonlinear",2,90,"AIPW",0.0387653237588232,0.00923052454200956,0.0206734956564845,0.0568571518611619,0.00362327310128802,0.0351420506575352,0,0.069999999999709
"nonlinear",2,90,"IPTW",0.00871787857599604,0.00281313307898079,0.00320413774119369,0.0142316194107984,0.00362327310128802,0.00509460547470802,1,0.00999999999839929
"nonlinear",2,90,"G-computation",0.0388091591663674,1.07571834155419e-26,0.0388091591663674,0.0388091591663674,0.00362327310128802,0.0351858860650793,0,5.70000000000073
"nonlinear",2,90,"Cox PH",0.0513821179355123,NA,NA,NA,0.00362327310128802,0.0477588448342243,NA,0.669999999998254
"nonlinear",2,180,"TMLE",0.0325850515374904,0.0084790548921532,0.0159661039488701,0.0492039991261106,0.00502583043081886,0.0275592211066715,0,0.0500000000029104
"nonlinear",2,180,"TMLE-CF",0.0169448235072778,0.0692949620870115,-0.118873302183265,0.15276294919782,0.00502583043081886,0.011918993076459,1,0.290000000000873
"nonlinear",2,180,"AIPW",0.0349762356068964,0.00878616888197392,0.0177553445982275,0.0521971266155652,0.00502583043081886,0.0299504051760775,0,0.0400000000008731
"nonlinear",2,180,"IPTW",0.0216301109759351,0.00343722623391387,0.014893147557464,0.0283670743944063,0.00502583043081886,0.0166042805451163,0,0.0100000000020373
"nonlinear",2,180,"G-computation",0.0349263582631025,2.17054597414912e-27,0.0349263582631025,0.0349263582631025,0.00502583043081886,0.0299005278322836,0,5.11000000000058
"nonlinear",2,180,"Cox PH",0.0595220274167732,NA,NA,NA,0.00502583043081886,0.0544961969859543,NA,0.590000000000146
"nonlinear",3,90,"TMLE",-0.00785810825553096,0.00336624170025884,-0.0144559419880383,-0.00126027452302364,0.00362327310128802,-0.011481381356819,0,0.0800000000017462
"nonlinear",3,90,"TMLE-CF",0,0.0679261340709726,-0.133135222779106,0.133135222779106,0.00362327310128802,-0.00362327310128802,1,0.200000000000728
"nonlinear",3,90,"AIPW",-0.00959019739978908,0.00347326626925457,-0.016397799287528,-0.00278259551205012,0.00362327310128802,-0.0132134705010771,0,0.0300000000024738
"nonlinear",3,90,"IPTW",0.00195613070197553,0.00531176464998725,-0.00845492801199948,0.0123671894159505,0.00362327310128802,-0.00166714239931248,1,0.0100000000020373
"nonlinear",3,90,"G-computation",-0.00949691136241808,5.11220696543015e-27,-0.00949691136241808,-0.00949691136241808,0.00362327310128802,-0.0131201844637061,0,5.09000000000015
"nonlinear",3,90,"Cox PH",0,NA,NA,NA,0.00362327310128802,-0.00362327310128802,NA,0.890000000003056
"nonlinear",3,180,"TMLE",4.50835592228568e-05,0.000405798046932493,-0.000750280612764829,0.000840447731210543,0.00502583043081886,-0.004980746871596,0,0.0399999999972351
"nonlinear",3,180,"TMLE-CF",0.0385645563745451,0.301438636391792,-0.552255170953367,0.629384283702457,0.00502583043081886,0.0335387259437262,1,0.240000000001601
"nonlinear",3,180,"AIPW",-0.000332862314856746,0.00040539552045341,-0.00112743753494543,0.000461712905231938,0.00502583043081886,-0.0053586927456756,0,0.0299999999988358
"nonlinear",3,180,"IPTW",0.0150394330011394,0.00552277413008277,0.00421479570617718,0.0258640702961016,0.00502583043081886,0.0100136025703206,1,0.0200000000004366
"nonlinear",3,180,"G-computation",-4.72806317744663e-06,0,-4.72806317744663e-06,-4.72806317744663e-06,0.00502583043081886,-0.0050305584939963,0,5.04999999999927
"nonlinear",3,180,"Cox PH",0,NA,NA,NA,0.00502583043081886,-0.00502583043081886,NA,1.08000000000175
"nonlinear",4,90,"TMLE",-0.0334966613511597,0.00888717839255628,-0.05091553100057,-0.0160777917017494,0.00362327310128802,-0.0371199344524477,0,0.0299999999988358
"nonlinear",4,90,"TMLE-CF",0.0313827418798595,0.115054956590753,-0.194124973038017,0.256890456797736,0.00362327310128802,0.0277594687785715,1,0.219999999997526
"nonlinear",4,90,"AIPW",-0.0336489415879511,0.00889235422484486,-0.051077955868647,-0.0162199273072552,0.00362327310128802,-0.0372722146892391,0,0.0400000000008731
"nonlinear",4,90,"IPTW",-0.00686455867177604,0.00840462379215013,-0.0233376213043903,0.00960850396083822,0.00362327310128802,-0.0104878317730641,1,0
"nonlinear",4,90,"G-computation",-0.0338505387134289,8.73930352749512e-27,-0.0338505387134289,-0.0338505387134289,0.00362327310128802,-0.0374738118147169,0,8.75
"nonlinear",4,90,"Cox PH",0,NA,NA,NA,0.00362327310128802,-0.00362327310128802,NA,2.01000000000204
"nonlinear",4,180,"TMLE",-0.0328789242471205,0.00885366040792947,-0.0502320986466622,-0.0155257498475787,0.00502583043081886,-0.0379047546779393,0,0.0900000000001455
"nonlinear",4,180,"TMLE-CF",0.00682504521688619,0.995633454026424,-1.94461652467491,1.95826661510868,0.00502583043081886,0.00179921478606733,1,0.68999999999869
"nonlinear",4,180,"AIPW",-0.0332685004101665,0.00890204299278209,-0.0507165046760194,-0.0158204961443136,0.00502583043081886,-0.0382943308409854,0,0.069999999999709
"nonlinear",4,180,"IPTW",-0.00686455867177604,0.00840462379215013,-0.0233376213043903,0.00960850396083822,0.00502583043081886,-0.0118903891025949,1,0.0200000000004366
"nonlinear",4,180,"G-computation",-0.0338505387134289,0,-0.0338505387134289,-0.0338505387134289,0.00502583043081886,-0.0388763691442477,0,6.95000000000073
"nonlinear",4,180,"Cox PH",0,NA,NA,NA,0.00502583043081886,-0.00502583043081886,NA,1.08000000000175
"nonlinear",5,90,"TMLE",1.25024291267135e-05,0.000183793174619464,-0.000347732193127435,0.000372737051380862,0.00362327310128802,-0.0036107706721613,0,0.069999999999709
"nonlinear",5,90,"TMLE-CF",0.00160031253279826,0.0277439005537062,-0.052777732552466,0.0559783576180625,0.00362327310128802,-0.00202296056848976,1,0.229999999999563
"nonlinear",5,90,"AIPW",-4.71692674625821e-05,0.000183802135559316,-0.000407421453158841,0.000313082918233676,0.00362327310128802,-0.0036704423687506,0,0.0499999999992724
"nonlinear",5,90,"IPTW",0.00436806901653664,0.00305873680804635,-0.00162705512723421,0.0103631931603075,0.00362327310128802,0.000744795915248619,1,0.0200000000004366
"nonlinear",5,90,"G-computation",-9.50618594258712e-11,2.41413198104994e-26,-9.50618594258712e-11,-9.50618594258711e-11,0.00362327310128802,-0.00362327319634988,0,6.16999999999825
"nonlinear",5,90,"Cox PH",0,NA,NA,NA,0.00362327310128802,-0.00362327310128802,NA,0.569999999999709
"nonlinear",5,180,"TMLE",5.73437772695556e-05,0.000235831909457919,-0.000404886765267965,0.000519574319807077,0.00502583043081886,-0.0049684866535493,0,0.0600000000013097
"nonlinear",5,180,"TMLE-CF",0.0289558356239666,0.0410466136053055,-0.0514955270424323,0.109407198290365,0.00502583043081886,0.0239300051931477,1,0.25
"nonlinear",5,180,"AIPW",0.000292645238216519,0.000235482705465421,-0.000168900864495706,0.000754191340928744,0.00502583043081886,-0.00473318519260234,0,0.0400000000008731
"nonlinear",5,180,"IPTW",0.0169614909855595,0.00343117256348364,0.0102363927611316,0.0236865892099875,0.00502583043081886,0.0119356605547407,0,0
"nonlinear",5,180,"G-computation",-2.77479936512323e-07,1.08150714782365e-26,-2.77479936512323e-07,-2.77479936512323e-07,0.00502583043081886,-0.00502610791075537,0,5.03999999999724
"nonlinear",5,180,"Cox PH",0,NA,NA,NA,0.00502583043081886,-0.00502583043081886,NA,0.509999999998399
"nonlinear",6,90,"TMLE",0.0452644403634643,0.0100836817536023,0.0255004241264038,0.0650284566005249,0.00362327310128802,0.0416411672621763,0,0.0499999999992724
"nonlinear",6,90,"TMLE-CF",0.0294161457595875,0.0789776567967712,-0.125380061562084,0.184212353081259,0.00362327310128802,0.0257928726582995,1,0.18999999999869
"nonlinear",6,90,"AIPW",0.0452260735654643,0.0100996472953815,0.0254307648665166,0.065021382264412,0.00362327310128802,0.0416028004641763,0,0.0400000000008731
"nonlinear",6,90,"IPTW",0.014811471198147,0.00431370946613594,0.00635660064452052,0.0232663417517734,0.00362327310128802,0.0111881980968589,0,0
"nonlinear",6,90,"G-computation",0.045047091629575,0,0.045047091629575,0.045047091629575,0.00362327310128802,0.041423818528287,0,5.06999999999971
"nonlinear",6,90,"Cox PH",0.0140270249129451,NA,NA,NA,0.00362327310128802,0.0104037518116571,NA,0.670000000001892
"nonlinear",6,180,"TMLE",0.0802934153093584,0.0304629487170842,0.0205860358238733,0.140000794794844,0.00502583043081886,0.0752675848785395,0,0.069999999999709
"nonlinear",6,180,"TMLE-CF",-0.0466224251062196,0.12076843454651,-0.28332855681738,0.19008370660494,0.00502583043081886,-0.0516482555370384,1,0.279999999998836
"nonlinear",6,180,"AIPW",0.0125788922142594,0.0275643891851909,-0.0414473105887148,0.0666050950172337,0.00502583043081886,0.00755306178344059,1,0.0499999999992724
"nonlinear",6,180,"IPTW",0.035815506094705,0.00564332311584563,0.0247545927876475,0.0468764194017624,0.00502583043081886,0.0307896756638861,0,0.0200000000004366
"nonlinear",6,180,"G-computation",0.00920473992264789,0,0.00920473992264789,0.00920473992264789,0.00502583043081886,0.00417890949182903,0,5.27000000000044
"nonlinear",6,180,"Cox PH",0.0271002880219845,NA,NA,NA,0.00502583043081886,0.0220744575911657,NA,0.639999999999418
"nonlinear",7,90,"TMLE",-0.000133635117504732,0.000212327957291616,-0.0005497979137963,0.000282527678786836,0.00362327310128802,-0.00375690821879275,0,0.0999999999985448
"nonlinear",7,90,"TMLE-CF",0.0451631636239646,0.0590183690632105,-0.0705128397399279,0.160839166987857,0.00362327310128802,0.0415398905226766,1,0.209999999999127
"nonlinear",7,90,"AIPW",-0.000103944696704165,0.000212170958955268,-0.00051979977625649,0.000311910382848161,0.00362327310128802,-0.00372721779799218,0,0.0599999999976717
"nonlinear",7,90,"IPTW",-0.00100808977334288,0.00700169980289132,-0.0147314213870099,0.0127152418403241,0.00362327310128802,-0.0046313628746309,1,0.0200000000004366
"nonlinear",7,90,"G-computation",5.30036455578808e-06,0,5.30036455578808e-06,5.30036455578808e-06,0.00362327310128802,-0.00361797273673223,0,5.61000000000058
"nonlinear",7,90,"Cox PH",0.00220027711693661,NA,NA,NA,0.00362327310128802,-0.00142299598435141,NA,0.680000000000291
"nonlinear",7,180,"TMLE",-0.0393508527553924,0.0304889978042289,-0.099109288451681,0.0204075829408963,0.00502583043081886,-0.0443766831862112,1,0.0500000000029104
"nonlinear",7,180,"TMLE-CF",-0.0660220925562912,0.100496889614687,-0.262995996201078,0.130951811088495,0.00502583043081886,-0.0710479229871101,1,0.290000000000873
"nonlinear",7,180,"AIPW",-0.0210393501442653,0.029389372084783,-0.07864251943044,0.0365638191419094,0.00502583043081886,-0.0260651805750841,1,0.0499999999992724
"nonlinear",7,180,"IPTW",-0.00575431025519801,0.00804264663946264,-0.0215178976685448,0.0100092771581488,0.00502583043081886,-0.0107801406860169,1,0.00999999999839929
"nonlinear",7,180,"G-computation",-0.00602647058778167,0,-0.00602647058778167,-0.00602647058778167,0.00502583043081886,-0.0110523010186005,0,5.0099999999984
"nonlinear",7,180,"Cox PH",0.00420641278127418,NA,NA,NA,0.00502583043081886,-0.000819417649544674,NA,0.770000000000437
"nonlinear",8,90,"TMLE",-0.0247872956211376,0.0192251411618773,-0.0624685722984172,0.012893981056142,0.00362327310128802,-0.0284105687224256,1,0.0499999999992724
"nonlinear",8,90,"TMLE-CF",0.0272630518506322,0.0660609338138623,-0.102216378424538,0.156742482125802,0.00362327310128802,0.0236397787493441,1,0.209999999999127
"nonlinear",8,90,"AIPW",-0.015511571529465,0.0191835719598521,-0.0531113725707751,0.0220882295118451,0.00362327310128802,-0.019134844630753,1,0.0499999999992724
"nonlinear",8,90,"IPTW",-0.00163023823340702,0.0054448937344073,-0.0123022299528453,0.00904175348603129,0.00362327310128802,-0.00525351133469504,1,0.0200000000004366
"nonlinear",8,90,"G-computation",-0.0263105493896198,0,-0.0263105493896198,-0.0263105493896198,0.00362327310128802,-0.0299338224909078,0,5.55999999999767
"nonlinear",8,90,"Cox PH",-0.0103281520003169,NA,NA,NA,0.00362327310128802,-0.0139514251016049,NA,0.590000000000146
"nonlinear",8,180,"TMLE",-0.0413508083757601,0.0402346668129911,-0.120210755329223,0.0375091385777025,0.00502583043081886,-0.0463766388065789,1,0.0400000000008731
"nonlinear",8,180,"TMLE-CF",0.034779313216964,0.105523475954932,-0.172046699654703,0.241605326088631,0.00502583043081886,0.0297534827861452,1,0.220000000001164
"nonlinear",8,180,"AIPW",-0.028825378510845,0.03960498431859,-0.106451147775281,0.0488003907535915,0.00502583043081886,-0.0338512089416638,1,0.0299999999988358
"nonlinear",8,180,"IPTW",-0.0167701901854426,0.00585808738293424,-0.0282520414559937,-0.00528833891489146,0.00502583043081886,-0.0217960206162614,0,0.0100000000020373
"nonlinear",8,180,"G-computation",-0.0337994340004544,1.45655058791585e-27,-0.0337994340004544,-0.0337994340004544,0.00502583043081886,-0.0388252644312733,0,5.02000000000044
"nonlinear",8,180,"Cox PH",-0.0133350736651028,NA,NA,NA,0.00502583043081886,-0.0183609040959217,NA,0.529999999998836
"nonlinear",9,90,"TMLE",1.81403910508621e-08,0.000321341674953897,-0.000629811542518587,0.000629847823300689,0.00362327310128802,-0.00362325496089697,0,0.0400000000008731
"nonlinear",9,90,"TMLE-CF",1.53764903172698e-05,0.021430735202508,-0.0419888645065985,0.042019617487233,0.00362327310128802,-0.00360789661097075,1,0.200000000000728
"nonlinear",9,90,"AIPW",-0.0194817526166514,0.00634619931706235,-0.0319203032780937,-0.00704320195520923,0.00362327310128802,-0.0231050257179395,0,0.0499999999992724
"nonlinear",9,90,"IPTW",-0.0142811476819582,0.00379852522502268,-0.0217262571230027,-0.00683603824091376,0.00362327310128802,-0.0179044207832462,0,0
"nonlinear",9,90,"G-computation",-0.0196647789003658,2.29048248047863e-26,-0.0196647789003658,-0.0196647789003658,0.00362327310128802,-0.0232880520016538,0,7.68999999999869
"nonlinear",9,90,"Cox PH",0,NA,NA,NA,0.00362327310128802,-0.00362327310128802,NA,0.510000000002037
"nonlinear",9,180,"TMLE",0.0110208878123561,0.00474578535287037,0.00171914852073016,0.020322627103982,0.00502583043081886,0.00599505738153723,1,0.0499999999992724
"nonlinear",9,180,"TMLE-CF",0.0494262307764529,0.574477185777597,-1.07654905334764,1.17540151490054,0.00502583043081886,0.044400400345634,1,0.220000000001164
"nonlinear",9,180,"AIPW",0.00111375694964742,0.000634660717195653,-0.000130178056056057,0.0023576919553509,0.00502583043081886,-0.00391207348117143,0,0.0400000000008731
"nonlinear",9,180,"IPTW",0.029469072937811,0.0052158346030817,0.0192460371157708,0.0396921087598511,0.00502583043081886,0.0244432425069921,0,0
"nonlinear",9,180,"G-computation",0.00114536149818665,4.89316624379727e-27,0.00114536149818665,0.00114536149818665,0.00502583043081886,-0.00388046893263221,0,5.70000000000073
"nonlinear",9,180,"Cox PH",0,NA,NA,NA,0.00502583043081886,-0.00502583043081886,NA,1.20000000000073
"nonlinear",10,90,"TMLE",0.0341955398836822,0.00853648056953308,0.0174640379673974,0.0509270417999671,0.00362327310128802,0.0305722667823942,0,0.0600000000013097
"nonlinear",10,90,"TMLE-CF",0.0498862696413728,0.0636983860128109,-0.0749625669437366,0.174735106226482,0.00362327310128802,0.0462629965400848,1,0.239999999997963
"nonlinear",10,90,"AIPW",0.0329517015164515,0.00843282006841771,0.0164233741823528,0.0494800288505503,0.00362327310128802,0.0293284284151635,0,0.139999999999418
"nonlinear",10,90,"IPTW",0.0248972364859792,0.0027784804156539,0.0194514148712976,0.0303430581006608,0.00362327310128802,0.0212739633846912,0,0.00999999999839929
"nonlinear",10,90,"G-computation",0.0330028228951234,6.3504037391547e-27,0.0330028228951234,0.0330028228951234,0.00362327310128802,0.0293795497938354,0,5.58000000000175
"nonlinear",10,90,"Cox PH",0,NA,NA,NA,0.00362327310128802,-0.00362327310128802,NA,0.75
"nonlinear",10,180,"TMLE",0.0321000799222565,0.0080766770918267,0.0162697928222761,0.0479303670222368,0.00502583043081886,0.0270742494914376,0,0.0600000000013097
"nonlinear",10,180,"TMLE-CF",0.0407339649301465,0.0759365169990169,-0.108101608387927,0.18956953824822,0.00502583043081886,0.0357081344993276,1,0.270000000000437
"nonlinear",10,180,"AIPW",0.034541157398251,0.00851601844188001,0.0178497612521662,0.0512325535443358,0.00502583043081886,0.0295153269674321,0,0.0800000000017462
"nonlinear",10,180,"IPTW",0.013655418031825,0.00400861778212189,0.00579852717886611,0.0215123088847839,0.00502583043081886,0.00862958760100616,0,0.0200000000004366
"nonlinear",10,180,"G-computation",0.0345472148845821,0,0.0345472148845821,0.0345472148845821,0.00502583043081886,0.0295213844537633,0,5.31000000000131
"nonlinear",10,180,"Cox PH",0,NA,NA,NA,0.00502583043081886,-0.00502583043081886,NA,0.580000000001746
"dep_censor",1,90,"TMLE",0.00033397057401168,0.00024557529882347,-0.000147357011682322,0.000815298159705683,0.00350639332382711,-0.00317242274981543,0,0.0499999999992724
"dep_censor",1,90,"TMLE-CF",0.00868203739283299,0.0215984937479303,-0.0336510103531104,0.0510150851387764,0.00350639332382711,0.00517564406900588,1,0.180000000000291
"dep_censor",1,90,"AIPW",-2.05945689838128e-05,0.00024348241065965,-0.000497820093876727,0.000456630955909102,0.00350639332382711,-0.00352698789281092,0,0.0499999999992724
"dep_censor",1,90,"IPTW",0.00867652652815354,0.00279120592852969,0.00320576290823535,0.0141472901480717,0.00350639332382711,0.00517013320432643,1,0.0100000000020373
"dep_censor",1,90,"G-computation",-2.83722810870413e-11,9.89454352690778e-27,-2.83722810870413e-11,-2.83722810870412e-11,0.00350639332382711,-0.00350639335219939,0,6.06000000000131
"dep_censor",1,90,"Cox PH",0,NA,NA,NA,0.00350639332382711,-0.00350639332382711,NA,0.579999999998108
"dep_censor",1,180,"TMLE",0.000205569618860276,0.000395620823718228,-0.00056984719562745,0.000980986433348003,0.00455831132097525,-0.00435274170211497,0,0.069999999999709
"dep_censor",1,180,"TMLE-CF",0.079845146188217,0.0483276464039579,-0.0148770407635405,0.174567333139975,0.00455831132097525,0.0752868348672418,1,0.220000000001164
"dep_censor",1,180,"AIPW",0.000486875508864344,0.000395197599194027,-0.000287711785555949,0.00126146280328464,0.00455831132097525,-0.0040714358121109,0,0.0600000000013097
"dep_censor",1,180,"IPTW",0.0230740361462658,0.00319169311304132,0.0168183176447048,0.0293297546478268,0.00455831132097525,0.0185157248252906,0,0.00999999999839929
"dep_censor",1,180,"G-computation",5.84303095317595e-09,8.6301571283291e-27,5.84303095317595e-09,5.84303095317595e-09,0.00455831132097525,-0.00455830547794429,0,6.16999999999825
"dep_censor",1,180,"Cox PH",0,NA,NA,NA,0.00455831132097525,-0.00455831132097525,NA,0.510000000002037
"dep_censor",2,90,"TMLE",0.0026018700022888,0.0023624028967009,-0.00202843967524497,0.00723217967982256,0.00350639332382711,-0.000904523321538313,1,0.0499999999992724
"dep_censor",2,90,"TMLE-CF",0.00395434098282984,0.01801050203258,-0.0313462430010269,0.0392549249666866,0.00350639332382711,0.000447947659002728,1,0.180000000000291
"dep_censor",2,90,"AIPW",-0.000125967303326088,0.000207872547986195,-0.000533397497379031,0.000281462890726854,0.00350639332382711,-0.0036323606271532,0,0.0500000000029104
"dep_censor",2,90,"IPTW",0.0101865831742497,0.0017496736060598,0.00675722290637249,0.0136159434421269,0.00350639332382711,0.00668018985042259,0,0.0100000000020373
"dep_censor",2,90,"G-computation",5.07640349981658e-09,3.55716317901293e-26,5.07640349981658e-09,5.07640349981658e-09,0.00350639332382711,-0.00350638824742361,0,4.97999999999956
"dep_censor",2,90,"Cox PH",0.00733780773524305,NA,NA,NA,0.00350639332382711,0.00383141441141594,NA,0.470000000001164
"dep_censor",2,180,"TMLE",-0.0210944405858962,0.00698661854206099,-0.0347882129283358,-0.00740066824345671,0.00455831132097525,-0.0256527519068715,0,0.0499999999992724
"dep_censor",2,180,"TMLE-CF",0,0.178408378956463,-0.349680422754668,0.349680422754668,0.00455831132097525,-0.00455831132097525,1,0.220000000001164
"dep_censor",2,180,"AIPW",-0.0217899361131832,0.00700966427606253,-0.0355288780942657,-0.00805099413210062,0.00455831132097525,-0.0263482474341584,0,0.0500000000029104
"dep_censor",2,180,"IPTW",-0.00515722516323269,0.00281940877690597,-0.0106832663659684,0.000368816039503012,0.00455831132097525,-0.00971553648420794,0,0.0199999999967986
"dep_censor",2,180,"G-computation",-0.0211702872794694,2.80722229933362e-26,-0.0211702872794694,-0.0211702872794694,0.00455831132097525,-0.0257285986004447,0,5.13000000000102
"dep_censor",2,180,"Cox PH",0.0323113184396832,NA,NA,NA,0.00455831132097525,0.027753007118708,NA,0.81000000000131
"dep_censor",3,90,"TMLE",0.0103452419304661,0.0283546674181087,-0.045229906209027,0.0659203900699592,0.00350639332382711,0.00683884860663898,1,0.069999999999709
"dep_censor",3,90,"TMLE-CF",-0.0519722865796356,0.664553858240289,-1.3544978487306,1.25055327557133,0.00350639332382711,-0.0554786799034627,1,0.220000000001164
"dep_censor",3,90,"AIPW",0.0144813577229433,0.0282969817046394,-0.0409807264181499,0.0699434418640366,0.00350639332382711,0.0109749643991162,1,0.0299999999988358
"dep_censor",3,90,"IPTW",0.0258558893291002,0.00648709411834999,0.0131411848571342,0.0385705938010662,0.00350639332382711,0.0223494960052731,0,0.0200000000004366
"dep_censor",3,90,"G-computation",0.0164705882352941,0,0.0164705882352941,0.0164705882352941,0.00350639332382711,0.012964194911467,0,4.5099999999984
"dep_censor",3,90,"Cox PH",-0.00109946268763297,NA,NA,NA,0.00350639332382711,-0.00460585601146008,NA,0.639999999999418
"dep_censor",3,180,"TMLE",-0.040054824080202,0.0526766562255608,-0.143301070282301,0.0631914221218972,0.00455831132097525,-0.0446131354011772,1,0.0600000000013097
"dep_censor",3,180,"TMLE-CF",0.036877989416527,0.148657772474137,-0.254491244632782,0.328247223465836,0.00455831132097525,0.0323196780955517,1,0.290000000000873
"dep_censor",3,180,"AIPW",0.042121792819989,0.0520105328154053,-0.0598188514982054,0.144062437138183,0.00455831132097525,0.0375634814990138,1,0.0499999999992724
"dep_censor",3,180,"IPTW",0.0138522592726223,0.00707454240371314,-1.38438386554137e-05,0.0277183623839001,0.00455831132097525,0.0092939479516471,1,0.0100000000020373
"dep_censor",3,180,"G-computation",0.0100601194867267,0,0.0100601194867267,0.0100601194867267,0.00455831132097525,0.0055018081657515,0,4.72000000000116
"dep_censor",3,180,"Cox PH",-0.00132929531030456,NA,NA,NA,0.00455831132097525,-0.0058876066312798,NA,0.579999999998108
"dep_censor",4,90,"TMLE",0.0001858822871282,0.000194789757296164,-0.000195905637172282,0.000567670211428681,0.00350639332382711,-0.00332051103669891,0,0.0500000000029104
"dep_censor",4,90,"TMLE-CF",0.00835065226905774,0.00863059455213868,-0.00856531305313407,0.0252666175912496,0.00350639332382711,0.00484425894523063,1,0.19999999999709
"dep_censor",4,90,"AIPW",8.63483346273631e-05,0.000193944805830729,-0.000293783484800866,0.000466480154055592,0.00350639332382711,-0.00342004498919975,0,0.0400000000008731
"dep_censor",4,90,"IPTW",0.00183668041135132,0.002010199464363,-0.00210331053880015,0.00577667136150279,0.00350639332382711,-0.00166971291247579,1,0
"dep_censor",4,90,"G-computation",7.5495456622332e-09,2.25457414755552e-26,7.5495456622332e-09,7.5495456622332e-09,0.00350639332382711,-0.00350638577428145,0,4.77000000000044
"dep_censor",4,90,"Cox PH",0,NA,NA,NA,0.00350639332382711,-0.00350639332382711,NA,0.490000000001601
"dep_censor",4,180,"TMLE",0.0326607247016872,0.00849817080844173,0.0160043099171414,0.049317139486233,0.00455831132097525,0.028102413380712,0,0.0300000000024738
"dep_censor",4,180,"TMLE-CF",0.0412507909206243,0.29590137754722,-0.538715909071926,0.621217490913175,0.00455831132097525,0.0366924795996491,1,0.219999999997526
"dep_censor",4,180,"AIPW",0.0279466732526934,0.00790684064955839,0.0124492655795589,0.0434440809258278,0.00455831132097525,0.0233883619317181,0,0.0900000000001455
"dep_censor",4,180,"IPTW",0.0180951787623601,0.00504911403663298,0.00819891525055947,0.0279914422741607,0.00455831132097525,0.0135368674413849,0,0
"dep_censor",4,180,"G-computation",0.0276511122972193,0,0.0276511122972193,0.0276511122972193,0.00455831132097525,0.023092800976244,0,4.78999999999724
"dep_censor",4,180,"Cox PH",0,NA,NA,NA,0.00455831132097525,-0.00455831132097525,NA,0.450000000000728
"dep_censor",5,90,"TMLE",0.000283476034242728,0.000183808475903228,-7.67885785275985e-05,0.000643740647013054,0.00350639332382711,-0.00322291728958438,0,0.0600000000013097
"dep_censor",5,90,"TMLE-CF",-0.0176927022006494,0.063890389081451,-0.142917864800293,0.107532460398995,0.00350639332382711,-0.0211990955244765,1,0.220000000001164
"dep_censor",5,90,"AIPW",8.19088681409865e-06,0.000183342605113311,-0.00035116061920799,0.000367542392836188,0.00350639332382711,-0.00349820243701301,0,0.0500000000029104
"dep_censor",5,90,"IPTW",0.00714558130467902,0.00422948140506174,-0.001144202249242,0.0154353648586,0.00350639332382711,0.00363918798085191,1,0.0199999999967986
"dep_censor",5,90,"G-computation",-3.17027875375298e-08,2.4795797261383e-26,-3.17027875375298e-08,-3.17027875375298e-08,0.00350639332382711,-0.00350642502661465,0,4.68999999999869
"dep_censor",5,90,"Cox PH",0,NA,NA,NA,0.00350639332382711,-0.00350639332382711,NA,0.5
"dep_censor",5,180,"TMLE",0.00421461462807507,0.00207197725359618,0.000153539211026548,0.00827569004512358,0.00455831132097525,-0.000343696692900179,1,0.069999999999709
"dep_censor",5,180,"TMLE-CF",-0.02326328180072,0.316866842189266,-0.644322292491682,0.597795728890242,0.00455831132097525,-0.0278215931216953,1,0.25
"dep_censor",5,180,"AIPW",0.00370505474143405,0.00152445276220251,0.000717127327517135,0.00669298215535097,0.00455831132097525,-0.000853256579541192,1,0.0599999999976717
"dep_censor",5,180,"IPTW",0.0179030413847111,0.00446585425488494,0.00914996704513663,0.0266561157242856,0.00455831132097525,0.0133447300637359,0,0.00999999999839929
"dep_censor",5,180,"G-computation",0.00377315223335864,9.65633542120545e-27,0.00377315223335864,0.00377315223335864,0.00455831132097525,-0.000785159087616601,0,6.29000000000087
"dep_censor",5,180,"Cox PH",0,NA,NA,NA,0.00455831132097525,-0.00455831132097525,NA,0.680000000000291
"dep_censor",6,90,"TMLE",0.00110932065483628,0.000624921228538037,-0.000115524953098273,0.00233416626277083,0.00350639332382711,-0.00239707266899083,0,0.0400000000008731
"dep_censor",6,90,"TMLE-CF",0,0.0621621086279694,-0.12183773291082,0.12183773291082,0.00350639332382711,-0.00350639332382711,1,0.209999999999127
"dep_censor",6,90,"AIPW",0.000515727819485666,0.000280542322982998,-3.41351335610105e-05,0.00106559077253234,0.00350639332382711,-0.00299066550434145,0,0.0299999999988358
"dep_censor",6,90,"IPTW",0.00568116569081922,0.00318110703470324,-0.000553804097199128,0.0119161354788376,0.00350639332382711,0.00217477236699211,1,0.00999999999839929
"dep_censor",6,90,"G-computation",0.000545201920793794,7.55185008192452e-27,0.000545201920793794,0.000545201920793794,0.00350639332382711,-0.00296119140303332,0,6.15999999999985
"dep_censor",6,90,"Cox PH",0,NA,NA,NA,0.00350639332382711,-0.00350639332382711,NA,0.920000000001892
"dep_censor",6,180,"TMLE",0.00110314294780796,0.000602456133936612,-7.76710747078036e-05,0.00228395697032371,0.00455831132097525,-0.00345516837316729,0,0.0499999999992724
"dep_censor",6,180,"TMLE-CF",0.0547455884173443,0.112572579565042,-0.165896667530138,0.275387844364826,0.00455831132097525,0.050187277096369,1,0.220000000001164
"dep_censor",6,180,"AIPW",0.000753055390784019,0.000342623013432776,8.15142844557769e-05,0.00142459649711226,0.00455831132097525,-0.00380525593019123,0,0.0499999999992724
"dep_censor",6,180,"IPTW",0.00568116569081922,0.00318110703470324,-0.000553804097199128,0.0119161354788376,0.00455831132097525,0.00112285436984398,1,0.0199999999967986
"dep_censor",6,180,"G-computation",0.000545201920793794,2.17977186121491e-27,0.000545201920793794,0.000545201920793794,0.00455831132097525,-0.00401310940018145,0,4.57999999999811
"dep_censor",6,180,"Cox PH",0,NA,NA,NA,0.00455831132097525,-0.00455831132097525,NA,0.450000000000728
"dep_censor",7,90,"TMLE",0.0049996723836312,0.00325663505839329,-0.00138333233081965,0.011382677098082,0.00350639332382711,0.00149327905980409,1,0.159999999999854
"dep_censor",7,90,"TMLE-CF",0.0111112818183947,0.018441511404225,-0.0250340805338863,0.0472566441706758,0.00350639332382711,0.00760488849456762,1,0.220000000001164
"dep_censor",7,90,"AIPW",9.58884189930934e-05,0.000259469282798176,-0.000412671375291331,0.000604448213277518,0.00350639332382711,-0.00341050490483402,0,0.0299999999988358
"dep_censor",7,90,"IPTW",0.0155121122575218,0.00280656426700998,0.0100112462941822,0.0210129782208614,0.00350639332382711,0.0120057189336947,0,0.0200000000004366
"dep_censor",7,90,"G-computation",0.000233629606055392,2.30757751933578e-26,0.000233629606055392,0.000233629606055392,0.00350639332382711,-0.00327276371777172,0,6.23999999999796
"dep_censor",7,90,"Cox PH",0,NA,NA,NA,0.00350639332382711,-0.00350639332382711,NA,0.69999999999709
"dep_censor",7,180,"TMLE",0.00730483600848545,0.00399849701887752,-0.000532218148514495,0.0151418901654854,0.00455831132097525,0.00274652468751021,1,0.0600000000013097
"dep_censor",7,180,"TMLE-CF",0.0134317661701013,0.0697333631458361,-0.123245625595737,0.15010915793594,0.00455831132097525,0.00887345484912608,1,0.220000000001164
"dep_censor",7,180,"AIPW",7.62088123577162e-05,0.000299028284412351,-0.000509886625090492,0.000662304249805924,0.00455831132097525,-0.00448210250861753,0,0.069999999999709
"dep_censor",7,180,"IPTW",0.0291531149263147,0.00314100818411852,0.0229967388854424,0.035309490967187,0.00455831132097525,0.0245948036053394,0,0
"dep_censor",7,180,"G-computation",1.95601493440598e-05,6.96550249933643e-27,1.95601493440598e-05,1.95601493440598e-05,0.00455831132097525,-0.00453875117163119,0,6.61000000000058
"dep_censor",7,180,"Cox PH",0,NA,NA,NA,0.00455831132097525,-0.00455831132097525,NA,0.80000000000291
"dep_censor",8,90,"TMLE",0.0536769197632959,0.0109268636668998,0.0322602669761724,0.0750935725504194,0.00350639332382711,0.0501705264394688,0,0.0799999999981083
"dep_censor",8,90,"TMLE-CF",0.039000408553601,0.0785995794941507,-0.115054767254934,0.193055584362136,0.00350639332382711,0.0354940152297739,1,0.279999999998836
"dep_censor",8,90,"AIPW",0.0541607584170989,0.0110055222128268,0.0325899348799583,0.0757315819542394,0.00350639332382711,0.0506543650932717,0,0.0400000000008731
"dep_censor",8,90,"IPTW",0.0104182690699663,0.00497055765106644,0.000675976073876126,0.0201605620660566,0.00350639332382711,0.00691187574613924,1,0.0100000000020373
"dep_censor",8,90,"G-computation",0.0542260920171583,5.85476216711275e-27,0.0542260920171583,0.0542260920171583,0.00350639332382711,0.0507196986933311,0,5.46999999999753
"dep_censor",8,90,"Cox PH",0.00827251108594849,NA,NA,NA,0.00350639332382711,0.00476611776212138,NA,0.81000000000131
"dep_censor",8,180,"TMLE",-0.0717631018017907,0.064899174478779,-0.198965483780197,0.0554392801766161,0.00455831132097525,-0.0763214131227659,1,0.0900000000001455
"dep_censor",8,180,"TMLE-CF",0.0528539851065049,0.171045493961266,-0.282395183057577,0.388103153270587,0.00455831132097525,0.0482956737855296,1,0.219999999997526
"dep_censor",8,180,"AIPW",-0.0480129316748856,0.0632532629695613,-0.171989327095226,0.0759634637454545,0.00455831132097525,-0.0525712429958609,1,0.0800000000017462
"dep_censor",8,180,"IPTW",-0.0179023555708335,0.00718391943044165,-0.0319828376544991,-0.0038218734871679,0.00455831132097525,-0.0224606668918088,0,0.0199999999967986
"dep_censor",8,180,"G-computation",0.0155973803347549,0,0.0155973803347549,0.0155973803347549,0.00455831132097525,0.0110390690137797,0,6.29000000000087
"dep_censor",8,180,"Cox PH",0.0140315899187495,NA,NA,NA,0.00455831132097525,0.0094732785977743,NA,1.53000000000247
"dep_censor",9,90,"TMLE",0.00527529787624286,0.0033430822071826,-0.00127714324983503,0.0118277390023208,0.00350639332382711,0.00176890455241575,1,0.110000000000582
"dep_censor",9,90,"TMLE-CF",-2.73599204454896e-08,0.0377380776563437,-0.073966659566354,0.0739666048465131,0.00350639332382711,-0.00350642068374756,1,0.44999999999709
"dep_censor",9,90,"AIPW",1.69830034184122e-05,0.00023012691571813,-0.000434065751389122,0.000468031758225947,0.00350639332382711,-0.0034894103204087,0,0.100000000002183
"dep_censor",9,90,"IPTW",0.0203630200594522,0.0033081677241861,0.0138790113200475,0.026847028798857,0.00350639332382711,0.0168566267356251,0,0.0100000000020373
"dep_censor",9,90,"G-computation",7.44867104975067e-09,1.87118292342778e-26,7.44867104975067e-09,7.44867104975067e-09,0.00350639332382711,-0.00350638587515606,0,8.2699999999968
"dep_censor",9,90,"Cox PH",0,NA,NA,NA,0.00350639332382711,-0.00350639332382711,NA,0.650000000001455
"dep_censor",9,180,"TMLE",0.00120298858718273,0.00068121533910094,-0.000132193477455115,0.00253817065182057,0.00455831132097525,-0.00335532273379252,0,0.0799999999981083
"dep_censor",9,180,"TMLE-CF",0,0.357054746991987,-0.699827304104295,0.699827304104295,0.00455831132097525,-0.00455831132097525,1,0.280000000002474
"dep_censor",9,180,"AIPW",0.000534290164642199,0.000322617347106451,-9.80398356864451e-05,0.00116662016497084,0.00455831132097525,-0.00402402115633305,0,0.0400000000008731
"dep_censor",9,180,"IPTW",0.0130538741402727,0.00460360806049327,0.00403080234170589,0.0220769459388395,0.00455831132097525,0.00849556281929746,1,0
"dep_censor",9,180,"G-computation",6.46527830531225e-05,2.19910578959845e-27,6.46527830531225e-05,6.46527830531225e-05,0.00455831132097525,-0.00449365853792212,0,5.68999999999869
"dep_censor",9,180,"Cox PH",0,NA,NA,NA,0.00455831132097525,-0.00455831132097525,NA,0.700000000000728
"dep_censor",10,90,"TMLE",0.035280531755453,0.00894093505186575,0.0177562990537961,0.0528047644571099,0.00350639332382711,0.0317741384316259,0,0.0499999999992724
"dep_censor",10,90,"TMLE-CF",0,0.0459449221895434,-0.0900520474915052,0.0900520474915052,0.00350639332382711,-0.00350639332382711,1,0.220000000001164
"dep_censor",10,90,"AIPW",0.0352561412782881,0.00896669626123533,0.0176814166062668,0.0528308659503093,0.00350639332382711,0.031749747954461,0,0.0399999999972351
"dep_censor",10,90,"IPTW",0.0195967441813217,0.00450151142034927,0.0107737817974372,0.0284197065652063,0.00350639332382711,0.0160903508574946,0,0.0200000000004366
"dep_censor",10,90,"G-computation",0.0353154805914356,0,0.0353154805914356,0.0353154805914356,0.00350639332382711,0.0318090872676085,0,5.47000000000116
"dep_censor",10,90,"Cox PH",0,NA,NA,NA,0.00350639332382711,-0.00350639332382711,NA,0.549999999999272
"dep_censor",10,180,"TMLE",0.0359183205275437,0.00891914122428626,0.0184368037279427,0.0533998373271448,0.00455831132097525,0.0313600092065685,0,0.0600000000013097
"dep_censor",10,180,"TMLE-CF",0.0769178121323234,0.121236189326871,-0.160705118948343,0.31454074321299,0.00455831132097525,0.0723595008113482,1,0.229999999999563
"dep_censor",10,180,"AIPW",0.0360207391552852,0.00893913402221353,0.0185000364717467,0.0535414418388237,0.00455831132097525,0.03146242783431,0,0.0499999999992724
"dep_censor",10,180,"IPTW",0.0324453731236194,0.00474821651566717,0.0231388687529117,0.041751877494327,0.00455831132097525,0.0278870618026441,0,0.0199999999967986
"dep_censor",10,180,"G-computation",0.0358474463354396,1.45655058791585e-27,0.0358474463354396,0.0358474463354396,0.00455831132097525,0.0312891350144643,0,5.79999999999927
"dep_censor",10,180,"Cox PH",0,NA,NA,NA,0.00455831132097525,-0.00455831132097525,NA,0.760000000002037
"switching",1,90,"TMLE",-0.000367189902768777,0.000231951054903329,-0.000821813970379301,8.74341648417475e-05,0.00359989714579583,-0.00396708704856461,0,0.0499999999992724
"switching",1,90,"TMLE-CF",0,0.16489184497019,-0.323188016141572,0.323188016141572,0.00359989714579583,-0.00359989714579583,1,0.290000000000873
"switching",1,90,"AIPW",-1.25378643859881e-05,0.000193086589095188,-0.000390987579012557,0.000365911850240581,0.00359989714579583,-0.00361243501018182,0,0.0400000000008731
"switching",1,90,"IPTW",-0.0126283941951154,0.00536651527576886,-0.0231467641356224,-0.00211002425460845,0.00359989714579583,-0.0162282913409112,0,0.0200000000004366
"switching",1,90,"G-computation",-7.45979581778054e-05,9.21631766373948e-27,-7.45979581778054e-05,-7.45979581778054e-05,0.00359989714579583,-0.00367449510397364,0,5.32999999999811
"switching",1,90,"Cox PH",0,NA,NA,NA,0.00359989714579583,-0.00359989714579583,NA,1.66999999999825
"switching",1,180,"TMLE",-8.6341724157734e-05,0.00032054389625642,-0.000714607760820318,0.00054192431250485,0.0049790785198345,-0.00506542024399223,0,0.0499999999992724
"switching",1,180,"TMLE-CF",0,0.272793535437651,-0.534675329457796,0.534675329457796,0.0049790785198345,-0.0049790785198345,1,0.25
"switching",1,180,"AIPW",-2.87450870739558e-06,0.000320512034121755,-0.000631078095586036,0.000625329078171244,0.0049790785198345,-0.00498195302854189,0,0.0400000000008731
"switching",1,180,"IPTW",0.0280868279067799,0.00675696869051084,0.0148431692733786,0.0413304865401811,0.0049790785198345,0.0231077493869454,0,0.0200000000004366
"switching",1,180,"G-computation",8.01929615941444e-09,0,8.01929615941444e-09,8.01929615941444e-09,0.0049790785198345,-0.00497907050053834,0,5.07999999999811
"switching",1,180,"Cox PH",0,NA,NA,NA,0.0049790785198345,-0.0049790785198345,NA,1.43999999999869
"switching",2,90,"TMLE",0.00718698223765237,0.0039570656877369,-0.000568866510311956,0.0149428309856167,0.00359989714579583,0.00358708509185653,1,0.0599999999976717
"switching",2,90,"TMLE-CF",0.0184899283886433,0.0252542254994864,-0.0310083535903501,0.0679882103676366,0.00359989714579583,0.0148900312428474,1,0.25
"switching",2,90,"AIPW",0.0001248293626395,0.000197900934845462,-0.000263056469657606,0.000512715194936606,0.00359989714579583,-0.00347506778315634,0,0.0300000000024738
"switching",2,90,"IPTW",0.0184556764034951,0.00240176100129869,0.0137482248409497,0.0231631279660405,0.00359989714579583,0.0148557792576993,0,0
"switching",2,90,"G-computation",7.98896939531099e-08,1.94119424028739e-26,7.98896939531099e-08,7.98896939531099e-08,0.00359989714579583,-0.00359981725610188,0,5.13999999999942
"switching",2,90,"Cox PH",0,NA,NA,NA,0.00359989714579583,-0.00359989714579583,NA,0.659999999999854
"switching",2,180,"TMLE",-0.00243797137287724,0.00266703764232217,-0.00766536515182869,0.00278942240607421,0.0049790785198345,-0.00741704989271174,0,0.069999999999709
"switching",2,180,"TMLE-CF",0.0095338159073741,2.63150449400646,-5.1482149923453,5.16728262416004,0.0049790785198345,0.0045547373875396,1,0.230000000003201
"switching",2,180,"AIPW",-0.000606884859165437,0.00096630958353947,-0.0025008516429028,0.00128708192457192,0.0049790785198345,-0.00558596337899993,0,0.0499999999992724
"switching",2,180,"IPTW",-0.0782157732264843,0.0121467873782805,-0.102023476487914,-0.0544080699650546,0.0049790785198345,-0.0831948517463188,0,0.0200000000004366
"switching",2,180,"G-computation",-8.70124373802961e-08,1.0195854115411e-26,-8.70124373802961e-08,-8.70124373802961e-08,0.0049790785198345,-0.00497916553227188,0,5.27000000000044
"switching",2,180,"Cox PH",0,NA,NA,NA,0.0049790785198345,-0.0049790785198345,NA,0.569999999999709
"switching",3,90,"TMLE",-0.0261270182947772,0.00759877241888351,-0.0410206122357889,-0.0112334243537656,0.00359989714579583,-0.0297269154405731,0,0.0600000000013097
"switching",3,90,"TMLE-CF",-0.0304778673082163,0.249651196813806,-0.519794213063276,0.458838478446843,0.00359989714579583,-0.0340777644540122,1,0.25
"switching",3,90,"AIPW",-0.0273371430924327,0.00776182706803359,-0.0425503241457786,-0.0121239620390869,0.00359989714579583,-0.0309370402382286,0,0.0299999999988358
"switching",3,90,"IPTW",0.00430474542396153,0.00390954903311968,-0.00335797068095303,0.0119674615288761,0.00359989714579583,0.000704848278165696,1,0
"switching",3,90,"G-computation",-0.0272727645278211,1.01992434798983e-26,-0.0272727645278211,-0.0272727645278211,0.00359989714579583,-0.0308726616736169,0,5.45000000000073
"switching",3,90,"Cox PH",0.018161489188402,NA,NA,NA,0.00359989714579583,0.0145615920426061,NA,0.809999999997672
"switching",3,180,"TMLE",0.0223499360847521,0.0817788602159724,-0.137936629938554,0.182636502108058,0.0049790785198345,0.0173708575649176,1,0.069999999999709
"switching",3,180,"TMLE-CF",0,2.79799947109571,-5.48407896334759,5.48407896334759,0.0049790785198345,-0.0049790785198345,1,0.210000000002765
"switching",3,180,"AIPW",0.122136434680399,0.0813879792194993,-0.0373840045898197,0.281656873950618,0.0049790785198345,0.117157356160564,1,0.0499999999992724
"switching",3,180,"IPTW",0.0468786044750594,0.00555452782867477,0.0359917299308569,0.057765479019262,0.0049790785198345,0.0418995259552249,0,0
"switching",3,180,"G-computation",0.0174579971176862,0,0.0174579971176862,0.0174579971176862,0.0049790785198345,0.0124789185978517,0,6.13999999999942
"switching",3,180,"Cox PH",0.0384230514864665,NA,NA,NA,0.0049790785198345,0.033443972966632,NA,0.829999999998108
"switching",4,90,"TMLE",0.00368555398753525,0.0339308647396048,-0.0628189409020901,0.0701900488771606,0.00359989714579583,8.56568417394142e-05,1,0.0900000000001455
"switching",4,90,"TMLE-CF",0,0.0534727936715848,-0.104806675596306,0.104806675596306,0.00359989714579583,-0.00359989714579583,1,0.430000000000291
"switching",4,90,"AIPW",0.0222249244476337,0.0339039827804287,-0.0442268818020065,0.0886767306972739,0.00359989714579583,0.0186250273018379,1,0.0600000000013097
"switching",4,90,"IPTW",0.0110269103789586,0.00685962551671308,-0.00241795563379898,0.0244717763917163,0.00359989714579583,0.00742701323316281,1,0.0199999999967986
"switching",4,90,"G-computation",0.00277720557200721,0,0.00277720557200721,0.00277720557200721,0.00359989714579583,-0.000822691573788628,0,8.09000000000015
"switching",4,90,"Cox PH",0.0139648266434473,NA,NA,NA,0.00359989714579583,0.0103649294976514,NA,0.960000000002765
"switching",4,180,"TMLE",0.0399155843721314,0.10503938309914,-0.165961606502183,0.245792775246446,0.0049790785198345,0.0349365058522969,1,0.0600000000013097
"switching",4,180,"TMLE-CF",0.00346318602649247,0.208865272834674,-0.405912748729469,0.412839120782454,0.0049790785198345,-0.00151589249334203,1,0.360000000000582
"switching",4,180,"AIPW",0.0580994539423027,0.104411787672053,-0.146547649894921,0.262746557779527,0.0049790785198345,0.0531203754224682,1,0.0599999999976717
"switching",4,180,"IPTW",2.44447310249196e-05,0.00857888502940187,-0.0167901699266027,0.0168390593886526,0.0049790785198345,-0.00495463378880958,1,0.0299999999988358
"switching",4,180,"G-computation",-0.0012092450890995,0,-0.0012092450890995,-0.0012092450890995,0.0049790785198345,-0.006188323608934,0,5.61999999999898
"switching",4,180,"Cox PH",0.0225300887741941,NA,NA,NA,0.0049790785198345,0.0175510102543596,NA,0.68999999999869
"switching",5,90,"TMLE",0.000335400058064358,0.000187005077568827,-3.11298939705428e-05,0.000701930010099258,0.00359989714579583,-0.00326449708773148,0,0.0499999999992724
"switching",5,90,"TMLE-CF",0,0.0423661759465675,-0.0830377048552722,0.0830377048552722,0.00359989714579583,-0.00359989714579583,1,0.229999999999563
"switching",5,90,"AIPW",-5.89986834292067e-05,0.000184202688607828,-0.00042003595310055,0.000302038586242136,0.00359989714579583,-0.00365889582922504,0,0.0499999999992724
"switching",5,90,"IPTW",0.00820003804495151,0.00259692600754047,0.00311006307017219,0.0132900130197308,0.00359989714579583,0.00460014089915567,1,0.0200000000004366
"switching",5,90,"G-computation",6.61505157074915e-10,1.68608447983613e-26,6.61505157074915e-10,6.61505157074915e-10,0.00359989714579583,-0.00359989648429068,0,15.8199999999997
"switching",5,90,"Cox PH",0,NA,NA,NA,0.00359989714579583,-0.00359989714579583,NA,1.10000000000218
"switching",5,180,"TMLE",0.0449235570594715,0.0098707359699467,0.025576914558376,0.064270199560567,0.0049790785198345,0.039944478539637,0,0.0799999999981083
"switching",5,180,"TMLE-CF",0,0.957814889700216,-1.87731718381242,1.87731718381242,0.0049790785198345,-0.0049790785198345,1,0.340000000000146
"switching",5,180,"AIPW",0.0462506190392567,0.0101442589693388,0.0263678714593526,0.0661333666191608,0.0049790785198345,0.0412715405194222,0,0.0800000000017462
"switching",5,180,"IPTW",0.0298032907906693,0.00355861510369212,0.0228284051874328,0.0367781763939059,0.0049790785198345,0.0248242122708348,0,0.0299999999988358
"switching",5,180,"G-computation",0.0463879941544752,1.11205934629935e-26,0.0463879941544752,0.0463879941544752,0.0049790785198345,0.0414089156346407,0,4.77000000000044
"switching",5,180,"Cox PH",0,NA,NA,NA,0.0049790785198345,-0.0049790785198345,NA,0.540000000000873
"switching",6,90,"TMLE",-0.000153831620967076,0.000152431461062973,-0.000452597284650503,0.00014493404271635,0.00359989714579583,-0.00375372876676291,0,0.0399999999972351
"switching",6,90,"TMLE-CF",-0.0189472199449593,0.444784758769938,-0.890725347134038,0.85283090724412,0.00359989714579583,-0.0225471170907551,1,0.229999999999563
"switching",6,90,"AIPW",-3.7415966557923e-05,0.000152231391301509,-0.00033578949350888,0.000260957560393034,0.00359989714579583,-0.00363731311235376,0,0.0499999999992724
"switching",6,90,"IPTW",0.00330971682054337,0.00501345979762416,-0.00651666438279997,0.0131360980238867,0.00359989714579583,-0.000290180325252461,1,0.00999999999839929
"switching",6,90,"G-computation",-1.28067521865116e-11,7.61405610099098e-27,-1.28067521865116e-11,-1.28067521865116e-11,0.00359989714579583,-0.00359989715860259,0,5.35000000000218
"switching",6,90,"Cox PH",0,NA,NA,NA,0.00359989714579583,-0.00359989714579583,NA,0.619999999998981
"switching",6,180,"TMLE",-0.0543401992891709,0.010823228060322,-0.0755537262874021,-0.0331266722909398,0.0049790785198345,-0.0593192778090054,0,0.0400000000008731
"switching",6,180,"TMLE-CF",-0.0662894032265225,0.113303925428567,-0.288365097066513,0.155786290613468,0.0049790785198345,-0.071268481746357,1,0.469999999997526
"switching",6,180,"AIPW",-0.055653285215185,0.0109936311283913,-0.077200802226832,-0.0341057682035381,0.0049790785198345,-0.0606323637350195,0,0.0600000000013097
"switching",6,180,"IPTW",-0.0432358014340563,0.00649187164627405,-0.0559598698607534,-0.0305117330073591,0.0049790785198345,-0.0482148799538908,0,0.0299999999988358
"switching",6,180,"G-computation",-0.0556934931763046,0,-0.0556934931763046,-0.0556934931763046,0.0049790785198345,-0.0606725716961391,0,5.17000000000189
"switching",6,180,"Cox PH",-0.0696674070719008,NA,NA,NA,0.0049790785198345,-0.0746464855917353,NA,0.579999999998108
"switching",7,90,"TMLE",0.000302395044397847,0.000165825142547034,-2.26222349943403e-05,0.000627412323790034,0.00359989714579583,-0.00329750210139799,0,0.0299999999988358
"switching",7,90,"TMLE-CF",0.00790318576923772,0.050911179579419,-0.0918827262064234,0.107689097744899,0.00359989714579583,0.00430328862344188,1,0.25
"switching",7,90,"AIPW",0.000121041565695477,0.000163693002394169,-0.000199796718997093,0.000441879850388048,0.00359989714579583,-0.00347885558010036,0,0.0400000000008731
"switching",7,90,"IPTW",0.00535208114560326,0.00659262961500126,-0.00756947289979921,0.0182736351910057,0.00359989714579583,0.00175218399980743,1,0.0200000000004366
"switching",7,90,"G-computation",2.53220859367659e-08,1.08978767608563e-26,2.53220859367659e-08,2.53220859367659e-08,0.00359989714579583,-0.0035998718237099,0,5.08000000000175
"switching",7,90,"Cox PH",0,NA,NA,NA,0.00359989714579583,-0.00359989714579583,NA,0.720000000001164
"switching",7,180,"TMLE",0.0638062415983414,0.0499142096580266,-0.0340256093313907,0.161638092528074,0.0049790785198345,0.0588271630785069,1,0.0300000000024738
"switching",7,180,"TMLE-CF",-0.0322311067602589,0.25686088451419,-0.535678440408072,0.471216226887554,0.0049790785198345,-0.0372101852800934,1,0.200000000000728
"switching",7,180,"AIPW",0.0351915619042663,0.0492286063653465,-0.0612965065718128,0.131679630380345,0.0049790785198345,0.0302124833844318,1,0.0400000000008731
"switching",7,180,"IPTW",0.0129410690800704,0.00842335470395788,-0.00356870613968702,0.0294508442998279,0.0049790785198345,0.00796199056023592,1,0.0200000000004366
"switching",7,180,"G-computation",0.0191846522781774,0,0.0191846522781774,0.0191846522781774,0.0049790785198345,0.014205573758343,0,5.16999999999825
"switching",7,180,"Cox PH",0,NA,NA,NA,0.0049790785198345,-0.0049790785198345,NA,0.590000000000146
"switching",8,90,"TMLE",0.000143296654720561,0.000172145731198204,-0.000194108978427918,0.00048070228786904,0.00359989714579583,-0.00345660049107527,0,0.0500000000029104
"switching",8,90,"TMLE-CF",-0.0331047593113082,22.9655392678913,-45.0455617243782,44.9793522057556,0.00359989714579583,-0.036704656457104,1,0.270000000000437
"switching",8,90,"AIPW",-3.94152180818322e-05,0.000172301915469088,-0.000377126972401245,0.00029829653623758,0.00359989714579583,-0.00363931236387767,0,0.0499999999992724
"switching",8,90,"IPTW",0.00263374786720916,0.00567622660620095,-0.00849165628094471,0.013759152015363,0.00359989714579583,-0.000966149278586678,1,0
"switching",8,90,"G-computation",-3.99154271089712e-07,1.92192587302461e-26,-3.99154271089712e-07,-3.99154271089712e-07,0.00359989714579583,-0.00360029630006692,0,6.61000000000058
"switching",8,90,"Cox PH",0,NA,NA,NA,0.00359989714579583,-0.00359989714579583,NA,2.34000000000015
"switching",8,180,"TMLE",0.00014121757204372,0.00025247991970632,-0.000353643070580666,0.000636078214668107,0.0049790785198345,-0.00483786094779078,0,0.0299999999988358
"switching",8,180,"TMLE-CF",-0.0320303861479586,0.334426716730409,-0.68750675093956,0.623445978643643,0.0049790785198345,-0.0370094646677931,1,0.25
"switching",8,180,"AIPW",0.000166734690697602,0.000252129503544283,-0.000327439136249193,0.000660908517644396,0.0049790785198345,-0.0048123438291369,0,0.0499999999992724
"switching",8,180,"IPTW",0.0165673216368404,0.00576965682696707,0.00525879425598492,0.0278758490176958,0.0049790785198345,0.0115882431170059,0,0.0200000000004366
"switching",8,180,"G-computation",4.0931071032535e-11,7.85799302892382e-27,4.0931071032535e-11,4.0931071032535e-11,0.0049790785198345,-0.00497907847890343,0,5.25
"switching",8,180,"Cox PH",0,NA,NA,NA,0.0049790785198345,-0.0049790785198345,NA,2.31000000000131
"switching",9,90,"TMLE",-0.0356694394188466,0.00868654348644557,-0.0526950646522799,-0.0186438141854133,0.00359989714579583,-0.0392693365646424,0,0.0600000000013097
"switching",9,90,"TMLE-CF",0,1.12484639747171,-2.20469893904454,2.20469893904454,0.00359989714579583,-0.00359989714579583,1,0.209999999999127
"switching",9,90,"AIPW",-0.0331501866681725,0.00851503963054472,-0.0498396643440402,-0.0164607089923049,0.00359989714579583,-0.0367500838139684,0,0.0599999999976717
"switching",9,90,"IPTW",0.0121670552502396,0.00402245669636894,0.00428304012535652,0.0200510703751228,0.00359989714579583,0.00856715810444381,0,0.00999999999839929
"switching",9,90,"G-computation",-0.0328373668338743,7.72634026857096e-27,-0.0328373668338743,-0.0328373668338743,0.00359989714579583,-0.0364372639796701,0,6.22999999999956
"switching",9,90,"Cox PH",0,NA,NA,NA,0.00359989714579583,-0.00359989714579583,NA,0.740000000001601
"switching",9,180,"TMLE",-0.0325068939642241,0.00863091403724005,-0.0494234854772146,-0.0155903024512336,0.0049790785198345,-0.0374859724840586,0,0.0600000000013097
"switching",9,180,"TMLE-CF",0.0310744357623871,0.780833769235519,-1.49935975193923,1.561508623464,0.0049790785198345,0.0260953572425526,1,0.25
"switching",9,180,"AIPW",-0.0344351849742882,0.00872042866005587,-0.0515272251479977,-0.0173431448005787,0.0049790785198345,-0.0394142634941227,0,0.0499999999992724
"switching",9,180,"IPTW",0.0348459510519804,0.00446118293782966,0.0261020324938343,0.0435898696101265,0.0049790785198345,0.0298668725321459,0,0
"switching",9,180,"G-computation",-0.0338414617302594,0,-0.0338414617302594,-0.0338414617302594,0.0049790785198345,-0.0388205402500939,0,4.97000000000116
"switching",9,180,"Cox PH",0,NA,NA,NA,0.0049790785198345,-0.0049790785198345,NA,0.539999999997235
"switching",10,90,"TMLE",0.0682386215159172,0.018827816651801,0.0313361008783871,0.105141142153447,0.00359989714579583,0.0646387243701213,0,0.0300000000024738
"switching",10,90,"TMLE-CF",0.0879521401529294,0.0710721106293806,-0.0513491966806566,0.227253476986515,0.00359989714579583,0.0843522430071335,1,0.18999999999869
"switching",10,90,"AIPW",0.0646714292415949,0.0188472677225737,0.0277307845053506,0.101612073977839,0.00359989714579583,0.0610715320957991,0,0.0400000000008731
"switching",10,90,"IPTW",0.0273459091239543,0.00512859531586166,0.0172938623048654,0.0373979559430431,0.00359989714579583,0.0237460119781585,0,0
"switching",10,90,"G-computation",0.0684931506849315,0,0.0684931506849315,0.0684931506849315,0.00359989714579583,0.0648932535391356,0,6.18999999999869
"switching",10,90,"Cox PH",0.00989662981958778,NA,NA,NA,0.00359989714579583,0.00629673267379194,NA,0.629999999997381
"switching",10,180,"TMLE",0.028260625729555,0.0566726238633879,-0.0828177170426853,0.139338968501795,0.0049790785198345,0.0232815472097205,1,0.0499999999992724
"switching",10,180,"TMLE-CF",0.0622020012191266,0.178086105218121,-0.28684676500839,0.411250767446643,0.0049790785198345,0.0572229226992921,1,0.19999999999709
"switching",10,180,"AIPW",0.0271524757304002,0.0566310985925772,-0.0838444775110512,0.138149428971852,0.0049790785198345,0.0221733972105657,1,0.0400000000008731
"switching",10,180,"IPTW",0.0199361003550769,0.00738210192997953,0.005467180572317,0.0344050201378367,0.0049790785198345,0.0149570218352424,0,0.00999999999839929
"switching",10,180,"G-computation",0.0251762964812422,0,0.0251762964812422,0.0251762964812422,0.0049790785198345,0.0201972179614077,0,5.11000000000058
"switching",10,180,"Cox PH",0.0175052744090007,NA,NA,NA,0.0049790785198345,0.0125261958891662,NA,0.600000000002183
"np_hazard",1,90,"TMLE",-0.00397891522615623,0.00194011616293876,-0.00778154290551619,-0.000176287546796268,0.00137918137403866,-0.00535809660019489,0,0.069999999999709
"np_hazard",1,90,"TMLE-CF",0.00443753824687267,0.0422391509885124,-0.0783511976906117,0.087226274184357,0.00137918137403866,0.003058356872834,1,0.220000000001164
"np_hazard",1,90,"AIPW",-0.00520193643664713,0.00210434145378781,-0.00932644568607123,-0.00107742718722302,0.00137918137403866,-0.00658111781068579,0,0.0800000000017462
"np_hazard",1,90,"IPTW",0.00660656960374428,0.0050193217206015,-0.00323130096863465,0.0164444401761232,0.00137918137403866,0.00522738822970562,1,0.0200000000004366
"np_hazard",1,90,"G-computation",-0.00514278594834325,3.62709656206497e-27,-0.00514278594834325,-0.00514278594834325,0.00137918137403866,-0.00652196732238191,0,5.61000000000058
"np_hazard",1,90,"Cox PH",0,NA,NA,NA,0.00137918137403866,-0.00137918137403866,NA,0.630000000001019
"np_hazard",1,180,"TMLE",-0.0666046776323787,0.0271118982069055,-0.119743998117914,-0.0134653571468439,0.000935038219687229,-0.067539715852066,0,0.0400000000008731
"np_hazard",1,180,"TMLE-CF",-0.935547018072456,1.76326520904378,-4.39154682779827,2.52045279165336,0.000935038219687229,-0.936482056292143,1,0.209999999999127
"np_hazard",1,180,"AIPW",-0.0267708469475323,0.0254014652982736,-0.0765577189321485,0.023016025037084,0.000935038219687229,-0.0277058851672195,1,0.0400000000008731
"np_hazard",1,180,"IPTW",-0.0386673948409255,0.00794213072541234,-0.0542339710627337,-0.0231008186191173,0.000935038219687229,-0.0396024330606127,0,0.00999999999839929
"np_hazard",1,180,"G-computation",-0.0148960294193544,0,-0.0148960294193544,-0.0148960294193544,0.000935038219687229,-0.0158310676390417,0,5.21000000000276
"np_hazard",1,180,"Cox PH",-0.0300622243103215,NA,NA,NA,0.000935038219687229,-0.0309972625300088,NA,0.56000000000131
"np_hazard",2,90,"TMLE",0.040188252736313,0.00939206751133331,0.0217798004140997,0.0585967050585263,0.00137918137403866,0.0388090713622744,0,0.0499999999992724
"np_hazard",2,90,"TMLE-CF",-0.0147890383795638,2.69380646850571,-5.29464971665076,5.26507163989163,0.00137918137403866,-0.0161682197536024,1,0.200000000000728
"np_hazard",2,90,"AIPW",0.0428860493276776,0.00963800921825915,0.0239955512598896,0.0617765473954655,0.00137918137403866,0.0415068679536389,0,0.0499999999992724
"np_hazard",2,90,"IPTW",-0.00291135609600135,0.00702207944213838,-0.0166746318025926,0.0108519196105899,0.00137918137403866,-0.00429053747004001,1,0
"np_hazard",2,90,"G-computation",0.0428200890493255,2.52731637368362e-26,0.0428200890493255,0.0428200890493255,0.00137918137403866,0.0414409076752869,0,4.59999999999854
"np_hazard",2,90,"Cox PH",0,NA,NA,NA,0.00137918137403866,-0.00137918137403866,NA,0.540000000000873
"np_hazard",2,180,"TMLE",0.034541612121011,0.00872991350044341,0.0174309816601419,0.0516522425818801,0.000935038219687229,0.0336065739013238,0,0.069999999999709
"np_hazard",2,180,"TMLE-CF",0.0036213421479124,0.187026695403915,-0.362950980843761,0.370193665139586,0.000935038219687229,0.00268630392822517,1,0.239999999997963
"np_hazard",2,180,"AIPW",0.0428060006819932,0.00964083059176878,0.0239099727221264,0.06170202864186,0.000935038219687229,0.041870962462306,0,0.0299999999988358
"np_hazard",2,180,"IPTW",-0.00291135609600135,0.00702207944213838,-0.0166746318025926,0.0108519196105899,0.000935038219687229,-0.00384639431568858,1,0
"np_hazard",2,180,"G-computation",0.0428200890493255,2.00100342329445e-26,0.0428200890493255,0.0428200890493255,0.000935038219687229,0.0418850508296383,0,4.43999999999869
"np_hazard",2,180,"Cox PH",0,NA,NA,NA,0.000935038219687229,-0.000935038219687229,NA,0.56000000000131
"np_hazard",3,90,"TMLE",-5.72847212470496e-10,0.000166942186381347,-0.000327207258154653,0.000327206112460228,0.00137918137403866,-0.00137918194688588,0,0.0400000000008731
"np_hazard",3,90,"TMLE-CF",1.79367888462748e-09,0.000983884720939242,-0.00192841225936203,0.0019284158467198,0.00137918137403866,-0.00137917958035978,1,0.200000000000728
"np_hazard",3,90,"AIPW",6.90969388309808e-05,0.000166909752360627,-0.000258046175795848,0.00039624005345781,0.00137918137403866,-0.00131008443520768,0,0.0299999999988358
"np_hazard",3,90,"IPTW",0,0,0,0,0.00137918137403866,-0.00137918137403866,0,0
"np_hazard",3,90,"G-computation",-6.17962078713932e-26,5.77324233755605e-26,-1.74951757687492e-25,5.13593419447055e-26,0.00137918137403866,-0.00137918137403866,0,6.38999999999942
"np_hazard",3,90,"Cox PH",0,NA,NA,NA,0.00137918137403866,-0.00137918137403866,NA,0.569999999999709
"np_hazard",3,180,"TMLE",-0.00489396141838339,0.00322981376666714,-0.011224396401051,0.0014364735642842,0.000935038219687229,-0.00582899963807062,1,0.0499999999992724
"np_hazard",3,180,"TMLE-CF",2.42884693180864e-06,0.102460283400132,-0.200819726617327,0.20082458431119,0.000935038219687229,-0.000932609372755421,1,0.25
"np_hazard",3,180,"AIPW",9.17055147273138e-05,0.000242702086432105,-0.000383990574679612,0.00056740160413424,0.000935038219687229,-0.000843332704959916,0,0.0599999999976717
"np_hazard",3,180,"IPTW",-0.0204901384993752,0.00361704541500908,-0.027579547512793,-0.0134007294859574,0.000935038219687229,-0.0214251767190624,0,0.0100000000020373
"np_hazard",3,180,"G-computation",-6.60154533364821e-08,1.91251787459498e-26,-6.60154533364821e-08,-6.60154533364821e-08,0.000935038219687229,-0.000935104235140566,0,5.46999999999753
"np_hazard",3,180,"Cox PH",0,NA,NA,NA,0.000935038219687229,-0.000935038219687229,NA,0.56000000000131
"np_hazard",4,90,"TMLE",-0.00569439792438473,0.00335580635423488,-0.0122717783786851,0.000882982529915634,0.00137918137403866,-0.00707357929842339,0,0.0499999999992724
"np_hazard",4,90,"TMLE-CF",-0.0178932093302396,0.0484259584824867,-0.112808087955913,0.0770216692954343,0.00137918137403866,-0.0192723907042782,1,0.220000000001164
"np_hazard",4,90,"AIPW",0.000704761118295952,0.00062236081882684,-0.000515066086604655,0.00192458832319656,0.00137918137403866,-0.000674420255742711,1,0.0499999999992724
"np_hazard",4,90,"IPTW",0.00204215614775216,0.00329445483541339,-0.00441497532965809,0.00849928762516241,0.00137918137403866,0.000662974773713498,1,0.0100000000020373
"np_hazard",4,90,"G-computation",0.00104248541067104,5.3710706330011e-27,0.00104248541067104,0.00104248541067104,0.00137918137403866,-0.000336695963367621,0,5.32999999999811
"np_hazard",4,90,"Cox PH",0,NA,NA,NA,0.00137918137403866,-0.00137918137403866,NA,1.36000000000058
"np_hazard",4,180,"TMLE",0.00206571597634426,0.00127060821786718,-0.00042467613067541,0.00455610808336392,0.000935038219687229,0.00113067775665703,1,0.139999999999418
"np_hazard",4,180,"TMLE-CF",-0.00892351502099812,0.0831642969766713,-0.171925537095274,0.154078507053278,0.000935038219687229,-0.00985855324068535,1,0.540000000000873
"np_hazard",4,180,"AIPW",0.00128261693967159,0.000534127332746629,0.000235727367488199,0.00232950651185499,0.000935038219687229,0.000347578719984363,1,0.180000000000291
"np_hazard",4,180,"IPTW",0.00204215614775216,0.00329445483541339,-0.00441497532965809,0.00849928762516241,0.000935038219687229,0.00110711792806493,1,0.0500000000029104
"np_hazard",4,180,"G-computation",0.00104248541067104,6.04868778102656e-27,0.00104248541067104,0.00104248541067104,0.000935038219687229,0.000107447190983813,0,4.70000000000073
"np_hazard",4,180,"Cox PH",0,NA,NA,NA,0.000935038219687229,-0.000935038219687229,NA,0.639999999999418
"np_hazard",5,90,"TMLE",-0.0423252228707262,0.00951011953741037,-0.0609650571640505,-0.0236853885774018,0.00137918137403866,-0.0437044042447648,0,0.0499999999992724
"np_hazard",5,90,"TMLE-CF",-0.0599658562479298,0.0481449417372349,-0.15432994205291,0.0343982295570507,0.00137918137403866,-0.0613450376219684,1,0.229999999999563
"np_hazard",5,90,"AIPW",-0.0438989530599313,0.00971255404163155,-0.0629355589815292,-0.0248623471383335,0.00137918137403866,-0.04527813443397,0,0.0300000000024738
"np_hazard",5,90,"IPTW",-0.00400539953441836,0.00356172499033509,-0.0109863805154751,0.00297558144663841,0.00137918137403866,-0.00538458090845703,1,0
"np_hazard",5,90,"G-computation",-0.0440446827435156,7.28275293957927e-27,-0.0440446827435156,-0.0440446827435156,0.00137918137403866,-0.0454238641175543,0,4.94000000000233
"np_hazard",5,90,"Cox PH",0,NA,NA,NA,0.00137918137403866,-0.00137918137403866,NA,0.599999999998545
"np_hazard",5,180,"TMLE",-0.0396777957224917,0.0090754527139172,-0.0574656830417694,-0.0218899084032139,0.000935038219687229,-0.0406128339421789,0,0.0499999999992724
"np_hazard",5,180,"TMLE-CF",-0.0349276760143409,0.138957784743353,-0.307284934111313,0.237429582082631,0.000935038219687229,-0.0358627142340281,1,0.220000000001164
"np_hazard",5,180,"AIPW",-0.043843875118759,0.00971025582411744,-0.0628759765340292,-0.0248117737034889,0.000935038219687229,-0.0447789133384463,0,0.0299999999988358
"np_hazard",5,180,"IPTW",-0.00400539953441836,0.00356172499033509,-0.0109863805154751,0.00297558144663841,0.000935038219687229,-0.00494043775410559,1,0.00999999999839929
"np_hazard",5,180,"G-computation",-0.0440446827435156,7.02248064756744e-27,-0.0440446827435156,-0.0440446827435156,0.000935038219687229,-0.0449797209632029,0,5.02000000000044
"np_hazard",5,180,"Cox PH",0,NA,NA,NA,0.000935038219687229,-0.000935038219687229,NA,0.630000000001019
"np_hazard",6,90,"TMLE",0.00496354559179764,0.00335296393780681,-0.0016082637263037,0.011535354909899,0.00137918137403866,0.00358436421775898,1,0.0600000000013097
"np_hazard",6,90,"TMLE-CF",0.00414324101104329,0.0261480264175936,-0.0471068907674402,0.0553933727895268,0.00137918137403866,0.00276405963700463,1,0.200000000000728
"np_hazard",6,90,"AIPW",-0.000118212776920558,0.000201662921659446,-0.000513472103373071,0.000277046549531956,0.00137918137403866,-0.00149739415095922,0,0.0299999999988358
"np_hazard",6,90,"IPTW",0.0074140612811644,0.00153660838713487,0.00440230884238005,0.0104258137199487,0.00137918137403866,0.00603487990712573,0,0.0100000000020373
"np_hazard",6,90,"G-computation",-1.66849101375377e-10,2.24190477926613e-26,-1.66849101375377e-10,-1.66849101375377e-10,0.00137918137403866,-0.00137918154088776,0,5.0099999999984
"np_hazard",6,90,"Cox PH",0,NA,NA,NA,0.00137918137403866,-0.00137918137403866,NA,1.04000000000087
"np_hazard",6,180,"TMLE",0.0205098708539396,0.00673423145181146,0.00731077720838917,0.0337089644994901,0.000935038219687229,0.0195748326342524,0,0.0400000000008731
"np_hazard",6,180,"TMLE-CF",0.0366149911241904,0.110062779563868,-0.179108056820991,0.252338039069372,0.000935038219687229,0.0356799529045031,1,0.240000000001601
"np_hazard",6,180,"AIPW",0.0211307487888914,0.00700486768422608,0.00740120812780828,0.0348602894499745,0.000935038219687229,0.0201957105692042,0,0.0500000000029104
"np_hazard",6,180,"IPTW",0.017406040274157,0.00216175648538654,0.0131689975627994,0.0216430829855147,0.000935038219687229,0.0164710020544698,0,0.00999999999839929
"np_hazard",6,180,"G-computation",0.0211796834001313,9.05744128591611e-27,0.0211796834001313,0.0211796834001313,0.000935038219687229,0.0202446451804441,0,5.41999999999825
"np_hazard",6,180,"Cox PH",0,NA,NA,NA,0.000935038219687229,-0.000935038219687229,NA,0.530000000002474
"np_hazard",7,90,"TMLE",-0.000203614657742339,0.000225526194374649,-0.000645645998716651,0.000238416683231972,0.00137918137403866,-0.001582796031781,0,0.0599999999976717
"np_hazard",7,90,"TMLE-CF",0.0202444428070506,0.0598487187241698,-0.0970590458923222,0.137547931506423,0.00137918137403866,0.018865261433012,1,0.219999999997526
"np_hazard",7,90,"AIPW",0.000133578384665165,0.000224072338837455,-0.000305603399456247,0.000572760168786577,0.00137918137403866,-0.0012456029893735,0,0.0599999999976717
"np_hazard",7,90,"IPTW",-0.0172843359495585,0.00502574891858775,-0.0271348038299905,-0.00743386806912649,0.00137918137403866,-0.0186635173235971,0,0.0200000000004366
"np_hazard",7,90,"G-computation",-1.09426274760276e-05,9.0349075577393e-27,-1.09426274760276e-05,-1.09426274760276e-05,0.00137918137403866,-0.00139012400151469,0,5.61000000000058
"np_hazard",7,90,"Cox PH",0.0110677740032557,NA,NA,NA,0.00137918137403866,0.00968859262921704,NA,0.569999999999709
"np_hazard",7,180,"TMLE",0.000226084208754401,0.000294822947106088,-0.000351768767573533,0.000803937185082334,0.000935038219687229,-0.000708954010932829,0,0.0599999999976717
"np_hazard",7,180,"TMLE-CF",-0.0182299680164395,0.249407072923799,-0.507067830947085,0.470607894914206,0.000935038219687229,-0.0191650062361267,1,0.229999999999563
"np_hazard",7,180,"AIPW",0.000241156642858956,0.000292322436134034,-0.000331795331963751,0.000814108617681664,0.000935038219687229,-0.000693881576828273,0,0.0500000000029104
"np_hazard",7,180,"IPTW",0.00231648720135225,0.00591126793432086,-0.00926959794991665,0.0139025723526211,0.000935038219687229,0.00138144898166502,1,0.00999999999839929
"np_hazard",7,180,"G-computation",2.21189479743568e-05,0,2.21189479743568e-05,2.21189479743568e-05,0.000935038219687229,-0.000912919271712873,0,6.4900000000016
"np_hazard",7,180,"Cox PH",0.0505491500162674,NA,NA,NA,0.000935038219687229,0.0496141117965802,NA,1.72000000000116
"np_hazard",8,90,"TMLE",-0.0424608438281404,0.00964027562056817,-0.061355784044454,-0.0235659036118268,0.00137918137403866,-0.0438400252021791,0,0.0499999999992724
"np_hazard",8,90,"TMLE-CF",0,0.0402466640109191,-0.0788834614614015,0.0788834614614015,0.00137918137403866,-0.00137918137403866,1,0.420000000001892
"np_hazard",8,90,"AIPW",-0.0443990516671075,0.00984976636312622,-0.0637045937388349,-0.0250935095953801,0.00137918137403866,-0.0457782330411462,0,0.0499999999992724
"np_hazard",8,90,"IPTW",-0.0117081363373513,0.00501055580787527,-0.0215288257207869,-0.00188744695391582,0.00137918137403866,-0.01308731771139,0,0.0100000000020373
"np_hazard",8,90,"G-computation",-0.0444864470450362,6.54019773789668e-27,-0.0444864470450362,-0.0444864470450362,0.00137918137403866,-0.0458656284190749,0,4.77999999999884
"np_hazard",8,90,"Cox PH",0,NA,NA,NA,0.00137918137403866,-0.00137918137403866,NA,0.549999999999272
"np_hazard",8,180,"TMLE",-0.0480137494459764,0.0103066647348611,-0.0682148123263042,-0.0278126865656487,0.000935038219687229,-0.0489487876656637,0,0.069999999999709
"np_hazard",8,180,"TMLE-CF",0,0.381022235999198,-0.746803582558428,0.746803582558428,0.000935038219687229,-0.000935038219687229,1,0.229999999999563
"np_hazard",8,180,"AIPW",-0.0485581379173543,0.0104179080768761,-0.0689772377480315,-0.0281390380866771,0.000935038219687229,-0.0494931761370415,0,0.0499999999992724
"np_hazard",8,180,"IPTW",-0.0633912777728248,0.00904186187605089,-0.0811133270498846,-0.0456692284957651,0.000935038219687229,-0.0643263159925121,0,0.0200000000004366
"np_hazard",8,180,"G-computation",-0.0483973126832688,0,-0.0483973126832688,-0.0483973126832688,0.000935038219687229,-0.049332350902956,0,5.18000000000029
"np_hazard",8,180,"Cox PH",0,NA,NA,NA,0.000935038219687229,-0.000935038219687229,NA,0.640000000003056
"np_hazard",9,90,"TMLE",0.000213768117515801,0.000200093700749289,-0.000178415535952807,0.000605951770984408,0.00137918137403866,-0.00116541325652286,0,0.0600000000013097
"np_hazard",9,90,"TMLE-CF",-0.0138546046656919,0.0286269996207381,-0.0699635239223386,0.0422543145909547,0.00137918137403866,-0.0152337860397306,1,0.470000000001164
"np_hazard",9,90,"AIPW",4.26067496322267e-05,0.000199736498492168,-0.000348876787412422,0.000434090286676876,0.00137918137403866,-0.00133657462440644,0,0.0400000000008731
"np_hazard",9,90,"IPTW",0.00287986988439781,0.0038184052729672,-0.0046042044506179,0.0103639442194135,0.00137918137403866,0.00150068851035915,1,0
"np_hazard",9,90,"G-computation",-8.43008287829128e-09,7.34495922740568e-27,-8.43008287829128e-09,-8.43008287829128e-09,0.00137918137403866,-0.00137918980412154,0,4.93000000000029
"np_hazard",9,90,"Cox PH",0,NA,NA,NA,0.00137918137403866,-0.00137918137403866,NA,0.579999999998108
"np_hazard",9,180,"TMLE",0.000177496169442364,0.00041434928800572,-0.000634628435048848,0.000989620773933576,0.000935038219687229,-0.000757542050244865,1,0.0600000000013097
"np_hazard",9,180,"TMLE-CF",0.00746469743057781,0.0925793530458405,-0.17399083453927,0.188920229400425,0.000935038219687229,0.00652965921089058,1,0.239999999997963
"np_hazard",9,180,"AIPW",-2.62830250227237e-05,0.000414434603727055,-0.000838574848327752,0.000786008798282304,0.000935038219687229,-0.000961321244709953,0,0.0499999999992724
"np_hazard",9,180,"IPTW",0.00287986988439781,0.0038184052729672,-0.0046042044506179,0.0103639442194135,0.000935038219687229,0.00194483166471058,1,0.00999999999839929
"np_hazard",9,180,"G-computation",-8.43008287829128e-09,7.13995386233262e-28,-8.43008287829128e-09,-8.43008287829128e-09,0.000935038219687229,-0.000935046649770108,0,4.95000000000073
"np_hazard",9,180,"Cox PH",0,NA,NA,NA,0.000935038219687229,-0.000935038219687229,NA,0.569999999999709
"np_hazard",10,90,"TMLE",0.00262102303362255,0.00234757167679474,-0.00198021745289514,0.00722226352014024,0.00137918137403866,0.00124184165958389,1,0.0600000000013097
"np_hazard",10,90,"TMLE-CF",-1.13515103932918e-08,0.0182541736346601,-0.0357781916754441,0.0357781689724233,0.00137918137403866,-0.00137919272554906,1,0.229999999999563
"np_hazard",10,90,"AIPW",-1.83323905061424e-05,0.000177698920537913,-0.000366622274760453,0.000329957493748168,0.00137918137403866,-0.00139751376454481,0,0.069999999999709
"np_hazard",10,90,"IPTW",0.00537501960219566,0.00157372819690481,0.00229051233626223,0.00845952686812909,0.00137918137403866,0.003995838228157,0,0.00999999999839929
"np_hazard",10,90,"G-computation",2.88917298939262e-10,3.81758926359781e-26,2.88917298939262e-10,2.88917298939262e-10,0.00137918137403866,-0.00137918108512136,0,5.31000000000131
"np_hazard",10,90,"Cox PH",0,NA,NA,NA,0.00137918137403866,-0.00137918137403866,NA,0.530000000002474
"np_hazard",10,180,"TMLE",0.000715887805747306,0.000357562139750087,1.50660118371347e-05,0.00141670959965748,0.000935038219687229,-0.000219150413939924,1,0.0400000000008731
"np_hazard",10,180,"TMLE-CF",0.00600220460773164,0.239717013714553,-0.463843142272793,0.475847551488256,0.000935038219687229,0.00506716638804441,1,0.220000000001164
"np_hazard",10,180,"AIPW",0.000250638945868178,0.000270120575306638,-0.000278797381732833,0.00078007527346919,0.000935038219687229,-0.000684399273819051,0,0.0499999999992724
"np_hazard",10,180,"IPTW",0.00373684466831326,0.00254504551710101,-0.00125144454520473,0.00872513388183124,0.000935038219687229,0.00280180644862603,1,0.0100000000020373
"np_hazard",10,180,"G-computation",1.69511432997899e-08,1.52501829965959e-26,1.69511432997899e-08,1.69511432997899e-08,0.000935038219687229,-0.00093502126854393,0,6.22999999999956
"np_hazard",10,180,"Cox PH",0,NA,NA,NA,0.000935038219687229,-0.000935038219687229,NA,0.529999999998836
