"contrast","cohort","outcome","estimand","estimator","cr_est","cr_ci_lo","cr_ci_hi","cr_n","main_est","main_ci_lo","main_ci_hi","main_se","main_n","abs_diff","verdict","reason"
"PRIMARY","primary cohort (1,616)","death by 180 d (proxy survival)","ATE (180-day risk difference)","survtmle, monthly grid",-0.0136956149213716,NA,NA,NA,NA,NA,NA,NA,NA,NA,"not_comparable","Proxy survival outcome uses coarsened, partly imputed event times; kept strictly secondary (reconciliation_2026-07-28.md discrepancy 4)."
"PRIMARY","primary cohort (1,616)","death_by_6mo","ATE","TMLE, IPCW via Delta",NA,NA,NA,NA,-0.0225,-0.0415,-0.0034,0.0097,1227,NA,"missing_in_cleanroom","Scheduled: September rebuild adds this contrast/estimand to the clean room."
"PRIMARY","primary cohort (1,616)","death_by_6mo","ATO","Hajek overlap weights, percentile bootstrap",NA,NA,NA,NA,-0.0187,-0.0423,0.0057,0.0122,1227,NA,"missing_in_cleanroom","Scheduled: September rebuild adds this contrast/estimand to the clean room."
"PRIMARY","primary cohort (1,616)","death_by_6mo","ATT among outcome-observed","TMLE, complete case",NA,NA,NA,NA,-0.0208,-0.0402,-0.0014,0.0099,1227,NA,"missing_in_cleanroom","Scheduled: September rebuild adds this contrast/estimand to the clean room."
"PRIMARY","primary cohort (1,616)","death_by_6mo","matched ATT","1:1 caliper matching, no replacement",NA,NA,NA,NA,-0.0072,-0.036,0.0252,NA,NA,NA,"missing_in_cleanroom","Scheduled: September rebuild adds this contrast/estimand to the clean room."
"PRIMARY","primary cohort (1,616)","death_in_hospital","ATE","TMLE, complete case",NA,NA,NA,NA,-0.0058,-0.016,0.0044,0.0052,1609,NA,"missing_in_cleanroom","Scheduled: September rebuild adds this contrast/estimand to the clean room."
"PRIMARY","primary cohort (1,616)","death_in_hospital","ATO","Hajek overlap weights, percentile bootstrap",NA,NA,NA,NA,-0.0073,-0.0196,0.0037,0.006,1609,NA,"missing_in_cleanroom","Scheduled: September rebuild adds this contrast/estimand to the clean room."
"PRIMARY","primary cohort (1,616)","death_in_hospital","ATT among outcome-observed","TMLE, complete case",NA,NA,NA,NA,-0.005,-0.0154,0.0053,0.0053,1609,NA,"missing_in_cleanroom","Scheduled: September rebuild adds this contrast/estimand to the clean room."
"PRIMARY","primary cohort (1,616)","death_in_hospital","matched ATT","1:1 caliper matching, no replacement",NA,NA,NA,NA,-0.0086,-0.0237,0.0064,NA,NA,NA,"missing_in_cleanroom","Scheduled: September rebuild adds this contrast/estimand to the clean room."
"PRIMARY","primary cohort (1,616)","gose","ATE","TMLE, IPCW via Delta",NA,NA,NA,NA,0.1522,-0.0504,0.3549,0.1034,1222,NA,"missing_in_cleanroom","Scheduled: September rebuild adds this contrast/estimand to the clean room."
"PRIMARY","primary cohort (1,616)","gose","ATO","Hajek overlap weights, percentile bootstrap",NA,NA,NA,NA,0.128,-0.1225,0.3608,0.1249,1222,NA,"missing_in_cleanroom","Scheduled: September rebuild adds this contrast/estimand to the clean room."
"PRIMARY","primary cohort (1,616)","gose","ATT among outcome-observed","TMLE, complete case",NA,NA,NA,NA,0.1528,-0.0612,0.3668,0.1092,1222,NA,"missing_in_cleanroom","Scheduled: September rebuild adds this contrast/estimand to the clean room."
"PRIMARY","primary cohort (1,616)","gose","matched ATT","1:1 caliper matching, no replacement",NA,NA,NA,NA,-0.0145,-0.3696,0.326,NA,NA,NA,"missing_in_cleanroom","Scheduled: September rebuild adds this contrast/estimand to the clean room."
"PRIMARY","primary cohort (1,616)","gose_favorable","ATE","TMLE, IPCW via Delta",0.0318,-1e-04,0.0637,1219,0.0062,-0.0304,0.0428,0.0187,1222,0.0256,"benign_difference","Estimand and nuisance differences documented in reconciliation_2026-07-28.md discrepancy 3: clean room fits complete-case Q on the full cohort with 21 covariates and SL.glm/SL.glmnet/SL.mean; the main pipeline uses IPCW via Delta, 90 design columns, and the richer library. Scheduled to close in the September rebuild (Part 1 items 2 to 4)."
"PRIMARY","primary cohort (1,616)","gose_favorable","ATE","stabilised IPTW",0.0315,-0.0034,0.0664,1616,NA,NA,NA,NA,NA,NA,"missing_in_main","Clean-room-only quantity."
"PRIMARY","primary cohort (1,616)","gose_favorable","ATE","TMLE, complete case",0.0284,-0.0034,0.0601,1616,NA,NA,NA,NA,NA,NA,"missing_in_main","Clean-room-only quantity."
"PRIMARY","primary cohort (1,616)","gose_favorable","ATE on matched cohort","TMLE on matched cohort",0.0263,-0.0148,0.0674,1160,NA,NA,NA,NA,NA,NA,"missing_in_main","Clean-room-only quantity."
"PRIMARY","primary cohort (1,616)","gose_favorable","ATO","Hajek overlap weights, percentile bootstrap",NA,NA,NA,NA,0.0049,-0.0362,0.0477,0.0212,1222,NA,"missing_in_cleanroom","Scheduled: September rebuild adds this contrast/estimand to the clean room."
"PRIMARY","primary cohort (1,616)","gose_favorable","ATT among outcome-observed","TMLE, complete case",NA,NA,NA,NA,-0.001,-0.0399,0.0378,0.0198,1222,NA,"missing_in_cleanroom","Scheduled: September rebuild adds this contrast/estimand to the clean room."
"PRIMARY","primary cohort (1,616)","gose_favorable","crude difference","arm difference",0.0292,-0.0051,0.0635,1219,NA,NA,NA,NA,NA,NA,"missing_in_main","Clean-room-only quantity."
"PRIMARY","primary cohort (1,616)","gose_favorable","matched ATT","1:1 caliper matching, no replacement",0.0208,-0.0221,0.0636,580,NA,NA,NA,NA,NA,NA,"missing_in_main","Clean-room-only quantity."
"PRIMARY","primary cohort (1,616)","NC: Chronic hypertension","unadjusted RD (balance check)","two-proportion difference | CR: clean-room NC (IPTW/TMLE)",0.00583,NA,NA,NA,0.0092,-0.0042,0.0227,0.0068,1616,0.00337,"benign_difference","Same as urban household: adjusted vs unadjusted, both null."
"PRIMARY","primary cohort (1,616)","NC: Diabetes, insulin dependent","unadjusted RD (balance check)","two-proportion difference",NA,NA,NA,NA,NA,NA,NA,NA,1616,NA,"not_comparable","Neither pipeline reports this cell."
"PRIMARY","primary cohort (1,616)","NC: HIV/AIDS on ART","unadjusted RD (balance check)","two-proportion difference",NA,NA,NA,NA,NA,NA,NA,NA,1616,NA,"not_comparable","Neither pipeline reports this cell."
"PRIMARY","primary cohort (1,616)","NC: Urban household (SES)","unadjusted RD (balance check)","two-proportion difference | CR: clean-room NC (IPTW/TMLE)",-0.00171,NA,NA,NA,-0.0027,-0.0175,0.0121,0.0076,1616,0.00099,"agree","Within a quarter of a main-pipeline SE."
"PRIMARY","primary cohort (1,616)","NC: Wood/charcoal cooking fuel (SES)","unadjusted RD (balance check)","two-proportion difference",NA,NA,NA,NA,-0.001,-0.0236,0.0216,0.0115,1616,NA,"missing_in_cleanroom","Scheduled: September rebuild adds this contrast/estimand to the clean room."
"PRIMARY","primary cohort (1,616)","severe_disability","ATE","TMLE, IPCW via Delta",NA,NA,NA,NA,-0.0061,-0.0427,0.0305,0.0187,1222,NA,"missing_in_cleanroom","Scheduled: September rebuild adds this contrast/estimand to the clean room."
"PRIMARY","primary cohort (1,616)","severe_disability","ATO","Hajek overlap weights, percentile bootstrap",NA,NA,NA,NA,-0.0049,-0.0488,0.0336,0.0213,1222,NA,"missing_in_cleanroom","Scheduled: September rebuild adds this contrast/estimand to the clean room."
"PRIMARY","primary cohort (1,616)","severe_disability","ATT among outcome-observed","TMLE, complete case",NA,NA,NA,NA,0.001,-0.0379,0.0398,0.0198,1222,NA,"missing_in_cleanroom","Scheduled: September rebuild adds this contrast/estimand to the clean room."
"PRIMARY","primary cohort (1,616)","severe_disability","matched ATT","1:1 caliper matching, no replacement | CR: negated matched gose_favorable ATT",-0.0208,-0.0636,0.0221,580,-0.0181,-0.0797,0.0399,NA,NA,0.0027,"agree","Within a quarter of a main-pipeline SE."
"PRIMARY","primary cohort (1,616)","time_arrival_to_intervention","ATE","TMLE, complete case",NA,NA,NA,NA,11.9392,-12.7005,36.5789,12.5713,1222,NA,"missing_in_cleanroom","Scheduled: September rebuild adds this contrast/estimand to the clean room."
"PRIMARY","primary cohort (1,616)","time_arrival_to_intervention","ATO","Hajek overlap weights, percentile bootstrap",NA,NA,NA,NA,13.3423,-12.849,40.1916,13.8981,1222,NA,"missing_in_cleanroom","Scheduled: September rebuild adds this contrast/estimand to the clean room."
"PRIMARY","primary cohort (1,616)","time_arrival_to_intervention","ATT among outcome-observed","TMLE, complete case",NA,NA,NA,NA,15.5973,-9.7422,40.9367,12.9283,1222,NA,"missing_in_cleanroom","Scheduled: September rebuild adds this contrast/estimand to the clean room."
"PRIMARY","primary cohort (1,616)","time_arrival_to_intervention","matched ATT","1:1 caliper matching, no replacement",NA,NA,NA,NA,7.3483,-33.9809,47.1122,NA,NA,NA,"missing_in_cleanroom","Scheduled: September rebuild adds this contrast/estimand to the clean room."
"PRIMARY","primary cohort (1,616)","time_to_arrival","ATE","TMLE, complete case",NA,NA,NA,NA,-3.7159,-35.2287,27.7969,16.078,1600,NA,"missing_in_cleanroom","Scheduled: September rebuild adds this contrast/estimand to the clean room."
"PRIMARY","primary cohort (1,616)","time_to_arrival","ATO","Hajek overlap weights, percentile bootstrap",NA,NA,NA,NA,-0.4551,-32.3372,41.3919,19.1047,1600,NA,"missing_in_cleanroom","Scheduled: September rebuild adds this contrast/estimand to the clean room."
"PRIMARY","primary cohort (1,616)","time_to_arrival","ATT among outcome-observed","TMLE, complete case",NA,NA,NA,NA,-5.9202,-36.33,24.4895,15.5152,1600,NA,"missing_in_cleanroom","Scheduled: September rebuild adds this contrast/estimand to the clean room."
"PRIMARY","primary cohort (1,616)","time_to_arrival","matched ATT","1:1 caliper matching, no replacement",NA,NA,NA,NA,-19.841,-43.2607,-0.1773,NA,NA,NA,"missing_in_cleanroom","Scheduled: September rebuild adds this contrast/estimand to the clean room."
"PRIMARY","primary cohort (1,616)","time_to_def_intervention","ATE","TMLE, complete case",NA,NA,NA,NA,11.4929,-18.7255,41.7112,15.4175,1245,NA,"missing_in_cleanroom","Scheduled: September rebuild adds this contrast/estimand to the clean room."
"PRIMARY","primary cohort (1,616)","time_to_def_intervention","ATO","Hajek overlap weights, percentile bootstrap",NA,NA,NA,NA,11.3491,-21.9354,47.3438,17.6005,1245,NA,"missing_in_cleanroom","Scheduled: September rebuild adds this contrast/estimand to the clean room."
"PRIMARY","primary cohort (1,616)","time_to_def_intervention","ATT among outcome-observed","TMLE, complete case",NA,NA,NA,NA,11.6787,-19.1015,42.459,15.7042,1245,NA,"missing_in_cleanroom","Scheduled: September rebuild adds this contrast/estimand to the clean room."
"PRIMARY","primary cohort (1,616)","time_to_def_intervention","matched ATT","1:1 caliper matching, no replacement",NA,NA,NA,NA,-8.1679,-51.8776,34.2258,NA,NA,NA,"missing_in_cleanroom","Scheduled: September rebuild adds this contrast/estimand to the clean room."
"PRIMARY","primary cohort (1,616)","transferred_out","ATE","TMLE, complete case",NA,NA,NA,NA,-0.0164,-0.0425,0.0097,0.0133,1609,NA,"missing_in_cleanroom","Scheduled: September rebuild adds this contrast/estimand to the clean room."
"PRIMARY","primary cohort (1,616)","transferred_out","ATO","Hajek overlap weights, percentile bootstrap",NA,NA,NA,NA,-0.0156,-0.044,0.0106,0.0139,1609,NA,"missing_in_cleanroom","Scheduled: September rebuild adds this contrast/estimand to the clean room."
"PRIMARY","primary cohort (1,616)","transferred_out","ATT among outcome-observed","TMLE, complete case",NA,NA,NA,NA,-0.0218,-0.0502,0.0065,0.0145,1609,NA,"missing_in_cleanroom","Scheduled: September rebuild adds this contrast/estimand to the clean room."
"PRIMARY","primary cohort (1,616)","transferred_out","matched ATT","1:1 caliper matching, no replacement",NA,NA,NA,NA,-0.0194,-0.0495,0.0129,NA,NA,NA,"missing_in_cleanroom","Scheduled: September rebuild adds this contrast/estimand to the clean room."
"PRIMARY","primary cohort (1,616)","transferred_out_higher_care","ATE","TMLE, complete case",NA,NA,NA,NA,-0.0104,-0.0333,0.0125,0.0117,1609,NA,"missing_in_cleanroom","Scheduled: September rebuild adds this contrast/estimand to the clean room."
"PRIMARY","primary cohort (1,616)","transferred_out_higher_care","ATO","Hajek overlap weights, percentile bootstrap",NA,NA,NA,NA,-0.0095,-0.0345,0.0153,0.0127,1609,NA,"missing_in_cleanroom","Scheduled: September rebuild adds this contrast/estimand to the clean room."
"PRIMARY","primary cohort (1,616)","transferred_out_higher_care","ATT among outcome-observed","TMLE, complete case",NA,NA,NA,NA,-0.0125,-0.0373,0.0123,0.0126,1609,NA,"missing_in_cleanroom","Scheduled: September rebuild adds this contrast/estimand to the clean room."
"PRIMARY","primary cohort (1,616)","transferred_out_higher_care","matched ATT","1:1 caliper matching, no replacement",NA,NA,NA,NA,-0.0151,-0.043,0.0129,NA,NA,NA,"missing_in_cleanroom","Scheduled: September rebuild adds this contrast/estimand to the clean room."
"C4","ambulance, transfers included (2,197)","death_by_6mo","ATE","TMLE, IPCW via Delta",NA,NA,NA,NA,-0.0272,-0.0464,-0.008,0.0098,1704,NA,"missing_in_cleanroom","Scheduled: September rebuild adds this contrast/estimand to the clean room."
"C4","ambulance, transfers included (2,197)","death_by_6mo","ATO","Hajek overlap weights, percentile bootstrap",NA,NA,NA,NA,-0.0167,-0.0397,0.0049,0.0117,1704,NA,"missing_in_cleanroom","Scheduled: September rebuild adds this contrast/estimand to the clean room."
"C4","ambulance, transfers included (2,197)","death_by_6mo","ATT among outcome-observed","TMLE, complete case",NA,NA,NA,NA,-0.0235,-0.0452,-0.0017,0.0111,1704,NA,"missing_in_cleanroom","Scheduled: September rebuild adds this contrast/estimand to the clean room."
"C4","ambulance, transfers included (2,197)","death_by_6mo","matched ATT","1:1 caliper matching, no replacement",NA,NA,NA,NA,-0.0026,-0.0284,0.0258,NA,NA,NA,"missing_in_cleanroom","Scheduled: September rebuild adds this contrast/estimand to the clean room."
"C4","ambulance, transfers included (2,197)","death_by_6mo","trimmed ATE (g in [0.05, 0.95])","TMLE, IPCW via Delta",NA,NA,NA,NA,-0.0135,-0.032,0.005,0.0094,1631,NA,"missing_in_cleanroom","Scheduled: September rebuild adds this contrast/estimand to the clean room."
"C4","ambulance, transfers included (2,197)","death_in_hospital","ATE","TMLE, complete case",NA,NA,NA,NA,-0.0088,-0.0198,0.0021,0.0056,2188,NA,"missing_in_cleanroom","Scheduled: September rebuild adds this contrast/estimand to the clean room."
"C4","ambulance, transfers included (2,197)","death_in_hospital","ATO","Hajek overlap weights, percentile bootstrap",NA,NA,NA,NA,-0.007,-0.0177,0.0037,0.0057,2188,NA,"missing_in_cleanroom","Scheduled: September rebuild adds this contrast/estimand to the clean room."
"C4","ambulance, transfers included (2,197)","death_in_hospital","ATT among outcome-observed","TMLE, complete case",NA,NA,NA,NA,-0.0106,-0.0225,0.0012,0.006,2188,NA,"missing_in_cleanroom","Scheduled: September rebuild adds this contrast/estimand to the clean room."
"C4","ambulance, transfers included (2,197)","death_in_hospital","matched ATT","1:1 caliper matching, no replacement",NA,NA,NA,NA,-0.0046,-0.017,0.0062,NA,NA,NA,"missing_in_cleanroom","Scheduled: September rebuild adds this contrast/estimand to the clean room."
"C4","ambulance, transfers included (2,197)","death_in_hospital","trimmed ATE (g in [0.05, 0.95])","TMLE, complete case",NA,NA,NA,NA,-0.007,-0.0167,0.0028,0.005,2098,NA,"missing_in_cleanroom","Scheduled: September rebuild adds this contrast/estimand to the clean room."
"C4","ambulance, transfers included (2,197)","gose","ATE","TMLE, IPCW via Delta",NA,NA,NA,NA,0.323,0.1361,0.5099,0.0954,1694,NA,"missing_in_cleanroom","Scheduled: September rebuild adds this contrast/estimand to the clean room."
"C4","ambulance, transfers included (2,197)","gose","ATO","Hajek overlap weights, percentile bootstrap",NA,NA,NA,NA,0.1133,-0.1036,0.318,0.1118,1694,NA,"missing_in_cleanroom","Scheduled: September rebuild adds this contrast/estimand to the clean room."
"C4","ambulance, transfers included (2,197)","gose","ATT among outcome-observed","TMLE, complete case",NA,NA,NA,NA,0.1331,-0.0605,0.3267,0.0988,1694,NA,"missing_in_cleanroom","Scheduled: September rebuild adds this contrast/estimand to the clean room."
"C4","ambulance, transfers included (2,197)","gose","matched ATT","1:1 caliper matching, no replacement",NA,NA,NA,NA,0.1091,-0.1687,0.3843,NA,NA,NA,"missing_in_cleanroom","Scheduled: September rebuild adds this contrast/estimand to the clean room."
"C4","ambulance, transfers included (2,197)","gose","trimmed ATE (g in [0.05, 0.95])","TMLE, IPCW via Delta",NA,NA,NA,NA,0.1865,0.0064,0.3666,0.0919,1622,NA,"missing_in_cleanroom","Scheduled: September rebuild adds this contrast/estimand to the clean room."
"C4","ambulance, transfers included (2,197)","gose_favorable","ATE","TMLE, IPCW via Delta",NA,NA,NA,NA,0.0356,0.0037,0.0675,0.0163,1694,NA,"missing_in_cleanroom","Scheduled: September rebuild adds this contrast/estimand to the clean room."
"C4","ambulance, transfers included (2,197)","gose_favorable","ATO","Hajek overlap weights, percentile bootstrap",NA,NA,NA,NA,0.0081,-0.0316,0.0477,0.0196,1694,NA,"missing_in_cleanroom","Scheduled: September rebuild adds this contrast/estimand to the clean room."
"C4","ambulance, transfers included (2,197)","gose_favorable","ATT among outcome-observed","TMLE, complete case",NA,NA,NA,NA,1e-04,-0.0335,0.0338,0.0172,1694,NA,"missing_in_cleanroom","Scheduled: September rebuild adds this contrast/estimand to the clean room."
"C4","ambulance, transfers included (2,197)","gose_favorable","matched ATT","1:1 caliper matching, no replacement",NA,NA,NA,NA,0.0104,-0.039,0.0597,NA,NA,NA,"missing_in_cleanroom","Scheduled: September rebuild adds this contrast/estimand to the clean room."
"C4","ambulance, transfers included (2,197)","gose_favorable","trimmed ATE (g in [0.05, 0.95])","TMLE, IPCW via Delta",NA,NA,NA,NA,0.0109,-0.021,0.0428,0.0163,1622,NA,"missing_in_cleanroom","Scheduled: September rebuild adds this contrast/estimand to the clean room."
"C4","ambulance, transfers included (2,197)","NC: Chronic hypertension","unadjusted RD (balance check)","two-proportion difference",NA,NA,NA,NA,0.0076,-0.004,0.0191,0.0059,2197,NA,"missing_in_cleanroom","Scheduled: September rebuild adds this contrast/estimand to the clean room."
"C4","ambulance, transfers included (2,197)","NC: Diabetes, insulin dependent","unadjusted RD (balance check)","two-proportion difference",NA,NA,NA,NA,NA,NA,NA,NA,2197,NA,"not_comparable","Neither pipeline reports this cell."
"C4","ambulance, transfers included (2,197)","NC: HIV/AIDS on ART","unadjusted RD (balance check)","two-proportion difference",NA,NA,NA,NA,6e-04,-0.0056,0.0068,0.0032,2197,NA,"missing_in_cleanroom","Scheduled: September rebuild adds this contrast/estimand to the clean room."
"C4","ambulance, transfers included (2,197)","NC: Urban household (SES)","unadjusted RD (balance check)","two-proportion difference",NA,NA,NA,NA,0.0676,0.0487,0.0865,0.0096,2197,NA,"missing_in_cleanroom","Scheduled: September rebuild adds this contrast/estimand to the clean room."
"C4","ambulance, transfers included (2,197)","NC: Wood/charcoal cooking fuel (SES)","unadjusted RD (balance check)","two-proportion difference",NA,NA,NA,NA,-0.0516,-0.0738,-0.0293,0.0114,2197,NA,"missing_in_cleanroom","Scheduled: September rebuild adds this contrast/estimand to the clean room."
"C4","ambulance, transfers included (2,197)","severe_disability","ATE","TMLE, IPCW via Delta",NA,NA,NA,NA,-0.0356,-0.0675,-0.0037,0.0163,1694,NA,"missing_in_cleanroom","Scheduled: September rebuild adds this contrast/estimand to the clean room."
"C4","ambulance, transfers included (2,197)","severe_disability","ATO","Hajek overlap weights, percentile bootstrap",NA,NA,NA,NA,-0.0081,-0.0438,0.0315,0.0193,1694,NA,"missing_in_cleanroom","Scheduled: September rebuild adds this contrast/estimand to the clean room."
"C4","ambulance, transfers included (2,197)","severe_disability","ATT among outcome-observed","TMLE, complete case",NA,NA,NA,NA,0,-0.0337,0.0337,0.0172,1694,NA,"missing_in_cleanroom","Scheduled: September rebuild adds this contrast/estimand to the clean room."
"C4","ambulance, transfers included (2,197)","severe_disability","matched ATT","1:1 caliper matching, no replacement",NA,NA,NA,NA,-0.0104,-0.0623,0.0416,NA,NA,NA,"missing_in_cleanroom","Scheduled: September rebuild adds this contrast/estimand to the clean room."
"C4","ambulance, transfers included (2,197)","severe_disability","trimmed ATE (g in [0.05, 0.95])","TMLE, IPCW via Delta",NA,NA,NA,NA,-0.0111,-0.043,0.0208,0.0163,1622,NA,"missing_in_cleanroom","Scheduled: September rebuild adds this contrast/estimand to the clean room."
"C4","ambulance, transfers included (2,197)","time_arrival_to_intervention","ATE","TMLE, complete case",NA,NA,NA,NA,23.6883,2.9383,44.4383,10.5867,1675,NA,"missing_in_cleanroom","Scheduled: September rebuild adds this contrast/estimand to the clean room."
"C4","ambulance, transfers included (2,197)","time_arrival_to_intervention","ATO","Hajek overlap weights, percentile bootstrap",NA,NA,NA,NA,13.3043,-9.5955,38.3419,12.1083,1675,NA,"missing_in_cleanroom","Scheduled: September rebuild adds this contrast/estimand to the clean room."
"C4","ambulance, transfers included (2,197)","time_arrival_to_intervention","ATT among outcome-observed","TMLE, complete case",NA,NA,NA,NA,21.9567,-1.0356,44.9491,11.7308,1675,NA,"missing_in_cleanroom","Scheduled: September rebuild adds this contrast/estimand to the clean room."
"C4","ambulance, transfers included (2,197)","time_arrival_to_intervention","matched ATT","1:1 caliper matching, no replacement",NA,NA,NA,NA,21.7054,-10.4187,53.2194,NA,NA,NA,"missing_in_cleanroom","Scheduled: September rebuild adds this contrast/estimand to the clean room."
"C4","ambulance, transfers included (2,197)","time_arrival_to_intervention","trimmed ATE (g in [0.05, 0.95])","TMLE, complete case",NA,NA,NA,NA,20.9054,0.8414,40.9694,10.2367,1608,NA,"missing_in_cleanroom","Scheduled: September rebuild adds this contrast/estimand to the clean room."
"C4","ambulance, transfers included (2,197)","time_to_arrival","ATE","TMLE, complete case",NA,NA,NA,NA,-203.0411,-292.1886,-113.8936,45.4834,2164,NA,"missing_in_cleanroom","Scheduled: September rebuild adds this contrast/estimand to the clean room."
"C4","ambulance, transfers included (2,197)","time_to_arrival","ATO","Hajek overlap weights, percentile bootstrap",NA,NA,NA,NA,-129.4769,-219.0472,-36.4134,45.8368,2164,NA,"missing_in_cleanroom","Scheduled: September rebuild adds this contrast/estimand to the clean room."
"C4","ambulance, transfers included (2,197)","time_to_arrival","ATT among outcome-observed","TMLE, complete case",NA,NA,NA,NA,-115.7828,-174.9883,-56.5774,30.2069,2164,NA,"missing_in_cleanroom","Scheduled: September rebuild adds this contrast/estimand to the clean room."
"C4","ambulance, transfers included (2,197)","time_to_arrival","matched ATT","1:1 caliper matching, no replacement",NA,NA,NA,NA,-93.285,-198.5105,0.393,NA,NA,NA,"missing_in_cleanroom","Scheduled: September rebuild adds this contrast/estimand to the clean room."
"C4","ambulance, transfers included (2,197)","time_to_arrival","trimmed ATE (g in [0.05, 0.95])","TMLE, complete case",NA,NA,NA,NA,-104.9217,-195.0029,-14.8405,45.9598,2077,NA,"missing_in_cleanroom","Scheduled: September rebuild adds this contrast/estimand to the clean room."
"C4","ambulance, transfers included (2,197)","time_to_def_intervention","ATE","TMLE, complete case",NA,NA,NA,NA,-160.0549,-239.6568,-80.453,40.6132,1710,NA,"missing_in_cleanroom","Scheduled: September rebuild adds this contrast/estimand to the clean room."
"C4","ambulance, transfers included (2,197)","time_to_def_intervention","ATO","Hajek overlap weights, percentile bootstrap",NA,NA,NA,NA,-74.3377,-144.5076,26.7058,44.4025,1710,NA,"missing_in_cleanroom","Scheduled: September rebuild adds this contrast/estimand to the clean room."
"C4","ambulance, transfers included (2,197)","time_to_def_intervention","ATT among outcome-observed","TMLE, complete case",NA,NA,NA,NA,-19.3702,-76.576,37.8356,29.1866,1710,NA,"missing_in_cleanroom","Scheduled: September rebuild adds this contrast/estimand to the clean room."
"C4","ambulance, transfers included (2,197)","time_to_def_intervention","matched ATT","1:1 caliper matching, no replacement",NA,NA,NA,NA,-21.243,-102.3694,86.5826,NA,NA,NA,"missing_in_cleanroom","Scheduled: September rebuild adds this contrast/estimand to the clean room."
"C4","ambulance, transfers included (2,197)","time_to_def_intervention","trimmed ATE (g in [0.05, 0.95])","TMLE, complete case",NA,NA,NA,NA,-86.4466,-158.4541,-14.439,36.7386,1642,NA,"missing_in_cleanroom","Scheduled: September rebuild adds this contrast/estimand to the clean room."
"C4","ambulance, transfers included (2,197)","transferred_out","ATE","TMLE, complete case",NA,NA,NA,NA,-0.0098,-0.03,0.0104,0.0103,2188,NA,"missing_in_cleanroom","Scheduled: September rebuild adds this contrast/estimand to the clean room."
"C4","ambulance, transfers included (2,197)","transferred_out","ATO","Hajek overlap weights, percentile bootstrap",NA,NA,NA,NA,-0.0076,-0.0317,0.0157,0.012,2188,NA,"missing_in_cleanroom","Scheduled: September rebuild adds this contrast/estimand to the clean room."
"C4","ambulance, transfers included (2,197)","transferred_out","ATT among outcome-observed","TMLE, complete case",NA,NA,NA,NA,-0.0129,-0.0404,0.0146,0.014,2188,NA,"missing_in_cleanroom","Scheduled: September rebuild adds this contrast/estimand to the clean room."
"C4","ambulance, transfers included (2,197)","transferred_out","matched ATT","1:1 caliper matching, no replacement",NA,NA,NA,NA,-0.0263,-0.051,0.0015,NA,NA,NA,"missing_in_cleanroom","Scheduled: September rebuild adds this contrast/estimand to the clean room."
"C4","ambulance, transfers included (2,197)","transferred_out","trimmed ATE (g in [0.05, 0.95])","TMLE, complete case",NA,NA,NA,NA,-0.0107,-0.0316,0.0103,0.0107,2098,NA,"missing_in_cleanroom","Scheduled: September rebuild adds this contrast/estimand to the clean room."
"C4","ambulance, transfers included (2,197)","transferred_out_higher_care","ATE","TMLE, complete case",NA,NA,NA,NA,-0.0041,-0.0213,0.013,0.0088,2188,NA,"missing_in_cleanroom","Scheduled: September rebuild adds this contrast/estimand to the clean room."
"C4","ambulance, transfers included (2,197)","transferred_out_higher_care","ATO","Hajek overlap weights, percentile bootstrap",NA,NA,NA,NA,-0.0028,-0.0239,0.0169,0.0104,2188,NA,"missing_in_cleanroom","Scheduled: September rebuild adds this contrast/estimand to the clean room."
"C4","ambulance, transfers included (2,197)","transferred_out_higher_care","ATT among outcome-observed","TMLE, complete case",NA,NA,NA,NA,-0.0052,-0.0271,0.0167,0.0112,2188,NA,"missing_in_cleanroom","Scheduled: September rebuild adds this contrast/estimand to the clean room."
"C4","ambulance, transfers included (2,197)","transferred_out_higher_care","matched ATT","1:1 caliper matching, no replacement",NA,NA,NA,NA,-0.0139,-0.0355,0.0077,NA,NA,NA,"missing_in_cleanroom","Scheduled: September rebuild adds this contrast/estimand to the clean room."
"C4","ambulance, transfers included (2,197)","transferred_out_higher_care","trimmed ATE (g in [0.05, 0.95])","TMLE, complete case",NA,NA,NA,NA,-0.005,-0.0228,0.0128,0.0091,2098,NA,"missing_in_cleanroom","Scheduled: September rebuild adds this contrast/estimand to the clean room."
"C1","known transport (8,323)","death_by_6mo","ATE","TMLE, IPCW via Delta",NA,NA,NA,NA,0.0053,-0.0198,0.0304,0.0128,6566,NA,"missing_in_cleanroom","Scheduled: September rebuild adds this contrast/estimand to the clean room."
"C1","known transport (8,323)","death_by_6mo","ATO","Hajek overlap weights, percentile bootstrap",NA,NA,NA,NA,-0.0026,-0.0167,0.0131,0.0076,6566,NA,"missing_in_cleanroom","Scheduled: September rebuild adds this contrast/estimand to the clean room."
"C1","known transport (8,323)","death_by_6mo","ATT among outcome-observed","TMLE, complete case",NA,NA,NA,NA,-0.0049,-0.0175,0.0078,0.0065,6566,NA,"missing_in_cleanroom","Scheduled: September rebuild adds this contrast/estimand to the clean room."
"C1","known transport (8,323)","death_by_6mo","matched ATT","1:1 caliper matching, no replacement",NA,NA,NA,NA,-0.005,-0.0231,0.0149,NA,NA,NA,"missing_in_cleanroom","Scheduled: September rebuild adds this contrast/estimand to the clean room."
"C1","known transport (8,323)","death_by_6mo","trimmed ATE (g in [0.05, 0.95])","TMLE, IPCW via Delta",NA,NA,NA,NA,0.0046,-0.0084,0.0175,0.0066,3833,NA,"missing_in_cleanroom","Scheduled: September rebuild adds this contrast/estimand to the clean room."
"C1","known transport (8,323)","death_in_hospital","ATE","TMLE, complete case",NA,NA,NA,NA,-0.0027,-0.0064,9e-04,0.0019,8301,NA,"missing_in_cleanroom","Scheduled: September rebuild adds this contrast/estimand to the clean room."
"C1","known transport (8,323)","death_in_hospital","ATO","Hajek overlap weights, percentile bootstrap",NA,NA,NA,NA,-0.0014,-0.0068,0.0048,0.003,8301,NA,"missing_in_cleanroom","Scheduled: September rebuild adds this contrast/estimand to the clean room."
"C1","known transport (8,323)","death_in_hospital","ATT among outcome-observed","TMLE, complete case",NA,NA,NA,NA,-0.0023,-0.0101,0.0055,0.004,8301,NA,"missing_in_cleanroom","Scheduled: September rebuild adds this contrast/estimand to the clean room."
"C1","known transport (8,323)","death_in_hospital","matched ATT","1:1 caliper matching, no replacement",NA,NA,NA,NA,-0.003,-0.011,0.005,NA,NA,NA,"missing_in_cleanroom","Scheduled: September rebuild adds this contrast/estimand to the clean room."
"C1","known transport (8,323)","death_in_hospital","trimmed ATE (g in [0.05, 0.95])","TMLE, complete case",NA,NA,NA,NA,4e-04,-0.0043,0.005,0.0024,4869,NA,"missing_in_cleanroom","Scheduled: September rebuild adds this contrast/estimand to the clean room."
"C1","known transport (8,323)","gose","ATE","TMLE, IPCW via Delta",NA,NA,NA,NA,-0.0524,-0.2377,0.133,0.0946,6538,NA,"missing_in_cleanroom","Scheduled: September rebuild adds this contrast/estimand to the clean room."
"C1","known transport (8,323)","gose","ATO","Hajek overlap weights, percentile bootstrap",NA,NA,NA,NA,-0.1448,-0.2808,0.0193,0.0799,6538,NA,"missing_in_cleanroom","Scheduled: September rebuild adds this contrast/estimand to the clean room."
"C1","known transport (8,323)","gose","ATT among outcome-observed","TMLE, complete case",NA,NA,NA,NA,-0.0893,-0.2358,0.0573,0.0748,6538,NA,"missing_in_cleanroom","Scheduled: September rebuild adds this contrast/estimand to the clean room."
"C1","known transport (8,323)","gose","matched ATT","1:1 caliper matching, no replacement",NA,NA,NA,NA,-0.2383,-0.435,-0.0317,NA,NA,NA,"missing_in_cleanroom","Scheduled: September rebuild adds this contrast/estimand to the clean room."
"C1","known transport (8,323)","gose","trimmed ATE (g in [0.05, 0.95])","TMLE, IPCW via Delta",NA,NA,NA,NA,-0.1809,-0.3237,-0.0381,0.0729,3822,NA,"missing_in_cleanroom","Scheduled: September rebuild adds this contrast/estimand to the clean room."
"C1","known transport (8,323)","gose_favorable","ATE","TMLE, IPCW via Delta",NA,NA,NA,NA,-0.0032,-0.0318,0.0255,0.0146,6538,NA,"missing_in_cleanroom","Scheduled: September rebuild adds this contrast/estimand to the clean room."
"C1","known transport (8,323)","gose_favorable","ATO","Hajek overlap weights, percentile bootstrap",NA,NA,NA,NA,-0.0201,-0.0477,0.0084,0.0146,6538,NA,"missing_in_cleanroom","Scheduled: September rebuild adds this contrast/estimand to the clean room."
"C1","known transport (8,323)","gose_favorable","ATT among outcome-observed","TMLE, complete case",NA,NA,NA,NA,-0.0128,-0.0391,0.0134,0.0134,6538,NA,"missing_in_cleanroom","Scheduled: September rebuild adds this contrast/estimand to the clean room."
"C1","known transport (8,323)","gose_favorable","matched ATT","1:1 caliper matching, no replacement",NA,NA,NA,NA,-0.0267,-0.0633,0.0067,NA,NA,NA,"missing_in_cleanroom","Scheduled: September rebuild adds this contrast/estimand to the clean room."
"C1","known transport (8,323)","gose_favorable","trimmed ATE (g in [0.05, 0.95])","TMLE, IPCW via Delta",NA,NA,NA,NA,-0.0331,-0.0603,-0.0058,0.0139,3822,NA,"missing_in_cleanroom","Scheduled: September rebuild adds this contrast/estimand to the clean room."
"C1","known transport (8,323)","severe_disability","ATE","TMLE, IPCW via Delta",NA,NA,NA,NA,0.0022,-0.0275,0.0319,0.0152,6538,NA,"missing_in_cleanroom","Scheduled: September rebuild adds this contrast/estimand to the clean room."
"C1","known transport (8,323)","severe_disability","ATO","Hajek overlap weights, percentile bootstrap",NA,NA,NA,NA,0.0201,-0.0067,0.0475,0.0139,6538,NA,"missing_in_cleanroom","Scheduled: September rebuild adds this contrast/estimand to the clean room."
"C1","known transport (8,323)","severe_disability","ATT among outcome-observed","TMLE, complete case",NA,NA,NA,NA,0.0128,-0.0134,0.039,0.0134,6538,NA,"missing_in_cleanroom","Scheduled: September rebuild adds this contrast/estimand to the clean room."
"C1","known transport (8,323)","severe_disability","matched ATT","1:1 caliper matching, no replacement",NA,NA,NA,NA,0.0267,-0.0083,0.06,NA,NA,NA,"missing_in_cleanroom","Scheduled: September rebuild adds this contrast/estimand to the clean room."
"C1","known transport (8,323)","severe_disability","trimmed ATE (g in [0.05, 0.95])","TMLE, IPCW via Delta",NA,NA,NA,NA,0.0327,0.0053,0.0601,0.014,3822,NA,"missing_in_cleanroom","Scheduled: September rebuild adds this contrast/estimand to the clean room."
"C1","known transport (8,323)","time_arrival_to_intervention","ATE","TMLE, complete case",NA,NA,NA,NA,-1.9458,-29.2856,25.394,13.9489,6309,NA,"missing_in_cleanroom","Scheduled: September rebuild adds this contrast/estimand to the clean room."
"C1","known transport (8,323)","time_arrival_to_intervention","ATO","Hajek overlap weights, percentile bootstrap",NA,NA,NA,NA,-0.2367,-23.8642,22.9547,12.2083,6309,NA,"missing_in_cleanroom","Scheduled: September rebuild adds this contrast/estimand to the clean room."
"C1","known transport (8,323)","time_arrival_to_intervention","ATT among outcome-observed","TMLE, complete case",NA,NA,NA,NA,4.533,-17.4966,26.5626,11.2396,6309,NA,"missing_in_cleanroom","Scheduled: September rebuild adds this contrast/estimand to the clean room."
"C1","known transport (8,323)","time_arrival_to_intervention","matched ATT","1:1 caliper matching, no replacement",NA,NA,NA,NA,-54.589,-216.2899,32.5429,NA,NA,NA,"missing_in_cleanroom","Scheduled: September rebuild adds this contrast/estimand to the clean room."
"C1","known transport (8,323)","time_arrival_to_intervention","trimmed ATE (g in [0.05, 0.95])","TMLE, complete case",NA,NA,NA,NA,-14.434,-45.431,16.5629,15.8148,3723,NA,"missing_in_cleanroom","Scheduled: September rebuild adds this contrast/estimand to the clean room."
"C1","known transport (8,323)","time_to_arrival","ATE","TMLE, complete case",NA,NA,NA,NA,14636.9307,11594.3039,17679.5576,1552.3606,8162,NA,"missing_in_cleanroom","Scheduled: September rebuild adds this contrast/estimand to the clean room."
"C1","known transport (8,323)","time_to_arrival","ATO","Hajek overlap weights, percentile bootstrap",NA,NA,NA,NA,-221.3322,-273.5882,-151.0253,30.8155,8162,NA,"missing_in_cleanroom","Scheduled: September rebuild adds this contrast/estimand to the clean room."
"C1","known transport (8,323)","time_to_arrival","ATT among outcome-observed","TMLE, complete case",NA,NA,NA,NA,-215.2237,-265.2989,-165.1485,25.5486,8162,NA,"missing_in_cleanroom","Scheduled: September rebuild adds this contrast/estimand to the clean room."
"C1","known transport (8,323)","time_to_arrival","matched ATT","1:1 caliper matching, no replacement",NA,NA,NA,NA,-145.3239,-200.7909,-84.1915,NA,NA,NA,"missing_in_cleanroom","Scheduled: September rebuild adds this contrast/estimand to the clean room."
"C1","known transport (8,323)","time_to_arrival","trimmed ATE (g in [0.05, 0.95])","TMLE, complete case",NA,NA,NA,NA,-275.2218,-319.562,-230.8816,22.6225,4809,NA,"missing_in_cleanroom","Scheduled: September rebuild adds this contrast/estimand to the clean room."
"C1","known transport (8,323)","time_to_def_intervention","ATE","TMLE, complete case",NA,NA,NA,NA,-181.3381,-410.6911,48.015,117.0169,6371,NA,"missing_in_cleanroom","Scheduled: September rebuild adds this contrast/estimand to the clean room."
"C1","known transport (8,323)","time_to_def_intervention","ATO","Hajek overlap weights, percentile bootstrap",NA,NA,NA,NA,-195.9637,-255.315,-123.2391,34.3023,6371,NA,"missing_in_cleanroom","Scheduled: September rebuild adds this contrast/estimand to the clean room."
"C1","known transport (8,323)","time_to_def_intervention","ATT among outcome-observed","TMLE, complete case",NA,NA,NA,NA,-211.6807,-271.1234,-152.238,30.3279,6371,NA,"missing_in_cleanroom","Scheduled: September rebuild adds this contrast/estimand to the clean room."
"C1","known transport (8,323)","time_to_def_intervention","matched ATT","1:1 caliper matching, no replacement",NA,NA,NA,NA,-181.8238,-384.1032,-52.7138,NA,NA,NA,"missing_in_cleanroom","Scheduled: September rebuild adds this contrast/estimand to the clean room."
"C1","known transport (8,323)","time_to_def_intervention","trimmed ATE (g in [0.05, 0.95])","TMLE, complete case",NA,NA,NA,NA,-254.6055,-313.3941,-195.817,29.9942,3760,NA,"missing_in_cleanroom","Scheduled: September rebuild adds this contrast/estimand to the clean room."
"C1","known transport (8,323)","transferred_out","ATE","TMLE, complete case",NA,NA,NA,NA,0.0091,-0.0092,0.0274,0.0093,8301,NA,"missing_in_cleanroom","Scheduled: September rebuild adds this contrast/estimand to the clean room."
"C1","known transport (8,323)","transferred_out","ATO","Hajek overlap weights, percentile bootstrap",NA,NA,NA,NA,0.0123,-0.0034,0.0294,0.0085,8301,NA,"missing_in_cleanroom","Scheduled: September rebuild adds this contrast/estimand to the clean room."
"C1","known transport (8,323)","transferred_out","ATT among outcome-observed","TMLE, complete case",NA,NA,NA,NA,0.0129,-0.0041,0.0299,0.0087,8301,NA,"missing_in_cleanroom","Scheduled: September rebuild adds this contrast/estimand to the clean room."
"C1","known transport (8,323)","transferred_out","matched ATT","1:1 caliper matching, no replacement",NA,NA,NA,NA,0.011,-0.008,0.032,NA,NA,NA,"missing_in_cleanroom","Scheduled: September rebuild adds this contrast/estimand to the clean room."
"C1","known transport (8,323)","transferred_out","trimmed ATE (g in [0.05, 0.95])","TMLE, complete case",NA,NA,NA,NA,0.015,-0.001,0.0311,0.0082,4869,NA,"missing_in_cleanroom","Scheduled: September rebuild adds this contrast/estimand to the clean room."
"C1","known transport (8,323)","transferred_out_higher_care","ATE","TMLE, complete case",NA,NA,NA,NA,0.0082,-0.0097,0.0261,0.0091,8301,NA,"missing_in_cleanroom","Scheduled: September rebuild adds this contrast/estimand to the clean room."
"C1","known transport (8,323)","transferred_out_higher_care","ATO","Hajek overlap weights, percentile bootstrap",NA,NA,NA,NA,0.0088,-0.0047,0.0244,0.0076,8301,NA,"missing_in_cleanroom","Scheduled: September rebuild adds this contrast/estimand to the clean room."
"C1","known transport (8,323)","transferred_out_higher_care","ATT among outcome-observed","TMLE, complete case",NA,NA,NA,NA,0.0086,-0.0067,0.0238,0.0078,8301,NA,"missing_in_cleanroom","Scheduled: September rebuild adds this contrast/estimand to the clean room."
"C1","known transport (8,323)","transferred_out_higher_care","matched ATT","1:1 caliper matching, no replacement",NA,NA,NA,NA,0.008,-0.01,0.024,NA,NA,NA,"missing_in_cleanroom","Scheduled: September rebuild adds this contrast/estimand to the clean room."
"C1","known transport (8,323)","transferred_out_higher_care","trimmed ATE (g in [0.05, 0.95])","TMLE, complete case",NA,NA,NA,NA,0.0114,-0.003,0.0259,0.0074,4869,NA,"missing_in_cleanroom","Scheduled: September rebuild adds this contrast/estimand to the clean room."
"C2","Rescue.Co + non-ambulance (7,165)","death_by_6mo","ATE","TMLE, IPCW via Delta",NA,NA,NA,NA,0.0148,-0.0087,0.0383,0.012,5641,NA,"missing_in_cleanroom","Scheduled: September rebuild adds this contrast/estimand to the clean room."
"C2","Rescue.Co + non-ambulance (7,165)","death_by_6mo","ATO","Hajek overlap weights, percentile bootstrap",NA,NA,NA,NA,0.0047,-0.0084,0.0181,0.0071,5641,NA,"missing_in_cleanroom","Scheduled: September rebuild adds this contrast/estimand to the clean room."
"C2","Rescue.Co + non-ambulance (7,165)","death_by_6mo","ATT among outcome-observed","TMLE, complete case",NA,NA,NA,NA,-2e-04,-0.0146,0.0142,0.0073,5641,NA,"missing_in_cleanroom","Scheduled: September rebuild adds this contrast/estimand to the clean room."
"C2","Rescue.Co + non-ambulance (7,165)","death_by_6mo","matched ATT","1:1 caliper matching, no replacement",NA,NA,NA,NA,0.0035,-0.0139,0.0209,NA,NA,NA,"missing_in_cleanroom","Scheduled: September rebuild adds this contrast/estimand to the clean room."
"C2","Rescue.Co + non-ambulance (7,165)","death_by_6mo","trimmed ATE (g in [0.05, 0.95])","TMLE, IPCW via Delta",NA,NA,NA,NA,6e-04,-0.0115,0.0128,0.0062,3396,NA,"missing_in_cleanroom","Scheduled: September rebuild adds this contrast/estimand to the clean room."
"C2","Rescue.Co + non-ambulance (7,165)","death_in_hospital","ATE","TMLE, complete case",NA,NA,NA,NA,8e-04,-0.0016,0.0032,0.0012,7146,NA,"missing_in_cleanroom","Scheduled: September rebuild adds this contrast/estimand to the clean room."
"C2","Rescue.Co + non-ambulance (7,165)","death_in_hospital","ATO","Hajek overlap weights, percentile bootstrap",NA,NA,NA,NA,0.0017,-0.0027,0.0062,0.0023,7146,NA,"missing_in_cleanroom","Scheduled: September rebuild adds this contrast/estimand to the clean room."
"C2","Rescue.Co + non-ambulance (7,165)","death_in_hospital","ATT among outcome-observed","TMLE, complete case",NA,NA,NA,NA,0.0038,-0.0022,0.0098,0.0031,7146,NA,"missing_in_cleanroom","Scheduled: September rebuild adds this contrast/estimand to the clean room."
"C2","Rescue.Co + non-ambulance (7,165)","death_in_hospital","matched ATT","1:1 caliper matching, no replacement",NA,NA,NA,NA,0.002,-0.0041,0.0082,NA,NA,NA,"missing_in_cleanroom","Scheduled: September rebuild adds this contrast/estimand to the clean room."
"C2","Rescue.Co + non-ambulance (7,165)","death_in_hospital","trimmed ATE (g in [0.05, 0.95])","TMLE, complete case",NA,NA,NA,NA,0.0016,-0.0019,0.0052,0.0018,4327,NA,"missing_in_cleanroom","Scheduled: September rebuild adds this contrast/estimand to the clean room."
"C2","Rescue.Co + non-ambulance (7,165)","gose","ATE","TMLE, IPCW via Delta",NA,NA,NA,NA,-0.1463,-0.3083,0.0158,0.0827,5620,NA,"missing_in_cleanroom","Scheduled: September rebuild adds this contrast/estimand to the clean room."
"C2","Rescue.Co + non-ambulance (7,165)","gose","ATO","Hajek overlap weights, percentile bootstrap",NA,NA,NA,NA,-0.2109,-0.3786,-0.0485,0.0837,5620,NA,"missing_in_cleanroom","Scheduled: September rebuild adds this contrast/estimand to the clean room."
"C2","Rescue.Co + non-ambulance (7,165)","gose","ATT among outcome-observed","TMLE, complete case",NA,NA,NA,NA,-0.1511,-0.3078,0.0056,0.08,5620,NA,"missing_in_cleanroom","Scheduled: September rebuild adds this contrast/estimand to the clean room."
"C2","Rescue.Co + non-ambulance (7,165)","gose","matched ATT","1:1 caliper matching, no replacement",NA,NA,NA,NA,-0.2105,-0.4035,0.021,NA,NA,NA,"missing_in_cleanroom","Scheduled: September rebuild adds this contrast/estimand to the clean room."
"C2","Rescue.Co + non-ambulance (7,165)","gose","trimmed ATE (g in [0.05, 0.95])","TMLE, IPCW via Delta",NA,NA,NA,NA,-0.1681,-0.3151,-0.0212,0.075,3386,NA,"missing_in_cleanroom","Scheduled: September rebuild adds this contrast/estimand to the clean room."
"C2","Rescue.Co + non-ambulance (7,165)","gose_favorable","ATE","TMLE, IPCW via Delta",NA,NA,NA,NA,-0.0177,-0.0427,0.0073,0.0128,5620,NA,"missing_in_cleanroom","Scheduled: September rebuild adds this contrast/estimand to the clean room."
"C2","Rescue.Co + non-ambulance (7,165)","gose_favorable","ATO","Hajek overlap weights, percentile bootstrap",NA,NA,NA,NA,-0.026,-0.0532,0.0013,0.0141,5620,NA,"missing_in_cleanroom","Scheduled: September rebuild adds this contrast/estimand to the clean room."
"C2","Rescue.Co + non-ambulance (7,165)","gose_favorable","ATT among outcome-observed","TMLE, complete case",NA,NA,NA,NA,-0.0176,-0.0452,0.01,0.0141,5620,NA,"missing_in_cleanroom","Scheduled: September rebuild adds this contrast/estimand to the clean room."
"C2","Rescue.Co + non-ambulance (7,165)","gose_favorable","matched ATT","1:1 caliper matching, no replacement",NA,NA,NA,NA,-0.0298,-0.0667,0.007,NA,NA,NA,"missing_in_cleanroom","Scheduled: September rebuild adds this contrast/estimand to the clean room."
"C2","Rescue.Co + non-ambulance (7,165)","gose_favorable","trimmed ATE (g in [0.05, 0.95])","TMLE, IPCW via Delta",NA,NA,NA,NA,-0.0245,-0.0523,0.0032,0.0142,3386,NA,"missing_in_cleanroom","Scheduled: September rebuild adds this contrast/estimand to the clean room."
"C2","Rescue.Co + non-ambulance (7,165)","severe_disability","ATE","TMLE, IPCW via Delta",NA,NA,NA,NA,0.0179,-0.0072,0.0429,0.0128,5620,NA,"missing_in_cleanroom","Scheduled: September rebuild adds this contrast/estimand to the clean room."
"C2","Rescue.Co + non-ambulance (7,165)","severe_disability","ATO","Hajek overlap weights, percentile bootstrap",NA,NA,NA,NA,0.026,0,0.054,0.0143,5620,NA,"missing_in_cleanroom","Scheduled: September rebuild adds this contrast/estimand to the clean room."
"C2","Rescue.Co + non-ambulance (7,165)","severe_disability","ATT among outcome-observed","TMLE, complete case",NA,NA,NA,NA,0.0175,-0.0101,0.0452,0.0141,5620,NA,"missing_in_cleanroom","Scheduled: September rebuild adds this contrast/estimand to the clean room."
"C2","Rescue.Co + non-ambulance (7,165)","severe_disability","matched ATT","1:1 caliper matching, no replacement",NA,NA,NA,NA,0.0298,-0.0088,0.0667,NA,NA,NA,"missing_in_cleanroom","Scheduled: September rebuild adds this contrast/estimand to the clean room."
"C2","Rescue.Co + non-ambulance (7,165)","severe_disability","trimmed ATE (g in [0.05, 0.95])","TMLE, IPCW via Delta",NA,NA,NA,NA,0.0246,-0.0032,0.0524,0.0142,3386,NA,"missing_in_cleanroom","Scheduled: September rebuild adds this contrast/estimand to the clean room."
"C2","Rescue.Co + non-ambulance (7,165)","time_arrival_to_intervention","ATE","TMLE, complete case",NA,NA,NA,NA,-0.5342,-31.0022,29.9337,15.5449,5417,NA,"missing_in_cleanroom","Scheduled: September rebuild adds this contrast/estimand to the clean room."
"C2","Rescue.Co + non-ambulance (7,165)","time_arrival_to_intervention","ATO","Hajek overlap weights, percentile bootstrap",NA,NA,NA,NA,-15.836,-67.1014,21.2223,22.722,5417,NA,"missing_in_cleanroom","Scheduled: September rebuild adds this contrast/estimand to the clean room."
"C2","Rescue.Co + non-ambulance (7,165)","time_arrival_to_intervention","ATT among outcome-observed","TMLE, complete case",NA,NA,NA,NA,3.8017,-19.4276,27.031,11.8517,5417,NA,"missing_in_cleanroom","Scheduled: September rebuild adds this contrast/estimand to the clean room."
"C2","Rescue.Co + non-ambulance (7,165)","time_arrival_to_intervention","matched ATT","1:1 caliper matching, no replacement",NA,NA,NA,NA,-69.5444,-214.3527,18.3106,NA,NA,NA,"missing_in_cleanroom","Scheduled: September rebuild adds this contrast/estimand to the clean room."
"C2","Rescue.Co + non-ambulance (7,165)","time_arrival_to_intervention","trimmed ATE (g in [0.05, 0.95])","TMLE, complete case",NA,NA,NA,NA,-20.3639,-54.181,13.4532,17.2536,3293,NA,"missing_in_cleanroom","Scheduled: September rebuild adds this contrast/estimand to the clean room."
"C2","Rescue.Co + non-ambulance (7,165)","time_to_arrival","ATE","TMLE, complete case",NA,NA,NA,NA,-210.8024,-406.2411,-15.3637,99.7136,7028,NA,"missing_in_cleanroom","Scheduled: September rebuild adds this contrast/estimand to the clean room."
"C2","Rescue.Co + non-ambulance (7,165)","time_to_arrival","ATO","Hajek overlap weights, percentile bootstrap",NA,NA,NA,NA,-264.5396,-330.9665,-192.8728,35.0687,7028,NA,"missing_in_cleanroom","Scheduled: September rebuild adds this contrast/estimand to the clean room."
"C2","Rescue.Co + non-ambulance (7,165)","time_to_arrival","ATT among outcome-observed","TMLE, complete case",NA,NA,NA,NA,-294.4403,-370.4377,-218.4428,38.7742,7028,NA,"missing_in_cleanroom","Scheduled: September rebuild adds this contrast/estimand to the clean room."
"C2","Rescue.Co + non-ambulance (7,165)","time_to_arrival","matched ATT","1:1 caliper matching, no replacement",NA,NA,NA,NA,-150.2164,-207.7157,-84.658,NA,NA,NA,"missing_in_cleanroom","Scheduled: September rebuild adds this contrast/estimand to the clean room."
"C2","Rescue.Co + non-ambulance (7,165)","time_to_arrival","trimmed ATE (g in [0.05, 0.95])","TMLE, complete case",NA,NA,NA,NA,-291.4173,-366.0142,-216.8204,38.0597,4277,NA,"missing_in_cleanroom","Scheduled: September rebuild adds this contrast/estimand to the clean room."
"C2","Rescue.Co + non-ambulance (7,165)","time_to_def_intervention","ATE","TMLE, complete case",NA,NA,NA,NA,-176.1066,-453.4906,101.2774,141.5224,5450,NA,"missing_in_cleanroom","Scheduled: September rebuild adds this contrast/estimand to the clean room."
"C2","Rescue.Co + non-ambulance (7,165)","time_to_def_intervention","ATO","Hajek overlap weights, percentile bootstrap",NA,NA,NA,NA,-265.5595,-350.6971,-173.4846,44.6929,5450,NA,"missing_in_cleanroom","Scheduled: September rebuild adds this contrast/estimand to the clean room."
"C2","Rescue.Co + non-ambulance (7,165)","time_to_def_intervention","ATT among outcome-observed","TMLE, complete case",NA,NA,NA,NA,-240.6104,-312.4983,-168.7225,36.6775,5450,NA,"missing_in_cleanroom","Scheduled: September rebuild adds this contrast/estimand to the clean room."
"C2","Rescue.Co + non-ambulance (7,165)","time_to_def_intervention","matched ATT","1:1 caliper matching, no replacement",NA,NA,NA,NA,-201.5832,-379.0431,-72.5665,NA,NA,NA,"missing_in_cleanroom","Scheduled: September rebuild adds this contrast/estimand to the clean room."
"C2","Rescue.Co + non-ambulance (7,165)","time_to_def_intervention","trimmed ATE (g in [0.05, 0.95])","TMLE, complete case",NA,NA,NA,NA,-327.0971,-397.5055,-256.6887,35.9227,3320,NA,"missing_in_cleanroom","Scheduled: September rebuild adds this contrast/estimand to the clean room."
"C2","Rescue.Co + non-ambulance (7,165)","transferred_out","ATE","TMLE, complete case",NA,NA,NA,NA,0.0136,-0.0067,0.0339,0.0104,7146,NA,"missing_in_cleanroom","Scheduled: September rebuild adds this contrast/estimand to the clean room."
"C2","Rescue.Co + non-ambulance (7,165)","transferred_out","ATO","Hajek overlap weights, percentile bootstrap",NA,NA,NA,NA,0.015,-0.0014,0.0328,0.0086,7146,NA,"missing_in_cleanroom","Scheduled: September rebuild adds this contrast/estimand to the clean room."
"C2","Rescue.Co + non-ambulance (7,165)","transferred_out","ATT among outcome-observed","TMLE, complete case",NA,NA,NA,NA,0.0105,-0.0091,0.0302,0.01,7146,NA,"missing_in_cleanroom","Scheduled: September rebuild adds this contrast/estimand to the clean room."
"C2","Rescue.Co + non-ambulance (7,165)","transferred_out","matched ATT","1:1 caliper matching, no replacement",NA,NA,NA,NA,0.0113,-0.0102,0.0307,NA,NA,NA,"missing_in_cleanroom","Scheduled: September rebuild adds this contrast/estimand to the clean room."
"C2","Rescue.Co + non-ambulance (7,165)","transferred_out","trimmed ATE (g in [0.05, 0.95])","TMLE, complete case",NA,NA,NA,NA,0.0133,-0.0029,0.0295,0.0083,4327,NA,"missing_in_cleanroom","Scheduled: September rebuild adds this contrast/estimand to the clean room."
"C2","Rescue.Co + non-ambulance (7,165)","transferred_out_higher_care","ATE","TMLE, complete case",NA,NA,NA,NA,0.012,-0.0056,0.0295,0.0089,7146,NA,"missing_in_cleanroom","Scheduled: September rebuild adds this contrast/estimand to the clean room."
"C2","Rescue.Co + non-ambulance (7,165)","transferred_out_higher_care","ATO","Hajek overlap weights, percentile bootstrap",NA,NA,NA,NA,0.0102,-0.0056,0.0257,0.0081,7146,NA,"missing_in_cleanroom","Scheduled: September rebuild adds this contrast/estimand to the clean room."
"C2","Rescue.Co + non-ambulance (7,165)","transferred_out_higher_care","ATT among outcome-observed","TMLE, complete case",NA,NA,NA,NA,0.0068,-0.0113,0.0248,0.0092,7146,NA,"missing_in_cleanroom","Scheduled: September rebuild adds this contrast/estimand to the clean room."
"C2","Rescue.Co + non-ambulance (7,165)","transferred_out_higher_care","matched ATT","1:1 caliper matching, no replacement",NA,NA,NA,NA,0.0051,-0.0133,0.0225,NA,NA,NA,"missing_in_cleanroom","Scheduled: September rebuild adds this contrast/estimand to the clean room."
"C2","Rescue.Co + non-ambulance (7,165)","transferred_out_higher_care","trimmed ATE (g in [0.05, 0.95])","TMLE, complete case",NA,NA,NA,NA,0.0103,-0.0037,0.0242,0.0071,4327,NA,"missing_in_cleanroom","Scheduled: September rebuild adds this contrast/estimand to the clean room."
"C3","known transport (8,323)","death_by_6mo","ATE","TMLE, IPCW via Delta",NA,NA,NA,NA,0.0167,0.0067,0.0268,0.0051,6566,NA,"missing_in_cleanroom","Scheduled: September rebuild adds this contrast/estimand to the clean room."
"C3","known transport (8,323)","death_by_6mo","ATO","Hajek overlap weights, percentile bootstrap",NA,NA,NA,NA,0.0189,0.008,0.0306,0.0058,6566,NA,"missing_in_cleanroom","Scheduled: September rebuild adds this contrast/estimand to the clean room."
"C3","known transport (8,323)","death_by_6mo","ATT among outcome-observed","TMLE, complete case",NA,NA,NA,NA,0.0204,0.0071,0.0336,0.0067,6566,NA,"missing_in_cleanroom","Scheduled: September rebuild adds this contrast/estimand to the clean room."
"C3","known transport (8,323)","death_by_6mo","matched ATT","1:1 caliper matching, no replacement",NA,NA,NA,NA,0.0269,0.0138,0.0423,NA,NA,NA,"missing_in_cleanroom","Scheduled: September rebuild adds this contrast/estimand to the clean room."
"C3","known transport (8,323)","death_by_6mo","trimmed ATE (g in [0.05, 0.95])","TMLE, IPCW via Delta",NA,NA,NA,NA,0.0191,0.0086,0.0296,0.0053,6330,NA,"missing_in_cleanroom","Scheduled: September rebuild adds this contrast/estimand to the clean room."
"C3","known transport (8,323)","death_in_hospital","ATE","TMLE, complete case",NA,NA,NA,NA,0.007,0.0031,0.0109,0.002,8301,NA,"missing_in_cleanroom","Scheduled: September rebuild adds this contrast/estimand to the clean room."
"C3","known transport (8,323)","death_in_hospital","ATO","Hajek overlap weights, percentile bootstrap",NA,NA,NA,NA,0.0073,0.0033,0.0116,0.0021,8301,NA,"missing_in_cleanroom","Scheduled: September rebuild adds this contrast/estimand to the clean room."
"C3","known transport (8,323)","death_in_hospital","ATT among outcome-observed","TMLE, complete case",NA,NA,NA,NA,0.0115,0.0058,0.0171,0.0029,8301,NA,"missing_in_cleanroom","Scheduled: September rebuild adds this contrast/estimand to the clean room."
"C3","known transport (8,323)","death_in_hospital","matched ATT","1:1 caliper matching, no replacement",NA,NA,NA,NA,0.0082,0.0034,0.0135,NA,NA,NA,"missing_in_cleanroom","Scheduled: September rebuild adds this contrast/estimand to the clean room."
"C3","known transport (8,323)","death_in_hospital","trimmed ATE (g in [0.05, 0.95])","TMLE, complete case",NA,NA,NA,NA,0.0063,0.0023,0.0103,0.002,7988,NA,"missing_in_cleanroom","Scheduled: September rebuild adds this contrast/estimand to the clean room."
"C3","known transport (8,323)","gose","ATE","TMLE, IPCW via Delta",NA,NA,NA,NA,-0.3149,-0.4254,-0.2044,0.0564,6538,NA,"missing_in_cleanroom","Scheduled: September rebuild adds this contrast/estimand to the clean room."
"C3","known transport (8,323)","gose","ATO","Hajek overlap weights, percentile bootstrap",NA,NA,NA,NA,-0.3109,-0.4223,-0.1946,0.0594,6538,NA,"missing_in_cleanroom","Scheduled: September rebuild adds this contrast/estimand to the clean room."
"C3","known transport (8,323)","gose","ATT among outcome-observed","TMLE, complete case",NA,NA,NA,NA,-0.3189,-0.445,-0.1928,0.0643,6538,NA,"missing_in_cleanroom","Scheduled: September rebuild adds this contrast/estimand to the clean room."
"C3","known transport (8,323)","gose","matched ATT","1:1 caliper matching, no replacement",NA,NA,NA,NA,-0.385,-0.5378,-0.2276,NA,NA,NA,"missing_in_cleanroom","Scheduled: September rebuild adds this contrast/estimand to the clean room."
"C3","known transport (8,323)","gose","trimmed ATE (g in [0.05, 0.95])","TMLE, IPCW via Delta",NA,NA,NA,NA,-0.308,-0.4206,-0.1954,0.0575,6305,NA,"missing_in_cleanroom","Scheduled: September rebuild adds this contrast/estimand to the clean room."
"C3","known transport (8,323)","gose_favorable","ATE","TMLE, IPCW via Delta",NA,NA,NA,NA,-0.0398,-0.0595,-0.02,0.0101,6538,NA,"missing_in_cleanroom","Scheduled: September rebuild adds this contrast/estimand to the clean room."
"C3","known transport (8,323)","gose_favorable","ATO","Hajek overlap weights, percentile bootstrap",NA,NA,NA,NA,-0.0358,-0.0573,-0.0152,0.0105,6538,NA,"missing_in_cleanroom","Scheduled: September rebuild adds this contrast/estimand to the clean room."
"C3","known transport (8,323)","gose_favorable","ATT among outcome-observed","TMLE, complete case",NA,NA,NA,NA,-0.0314,-0.0532,-0.0096,0.0111,6538,NA,"missing_in_cleanroom","Scheduled: September rebuild adds this contrast/estimand to the clean room."
"C3","known transport (8,323)","gose_favorable","matched ATT","1:1 caliper matching, no replacement",NA,NA,NA,NA,-0.0405,-0.0663,-0.0125,NA,NA,NA,"missing_in_cleanroom","Scheduled: September rebuild adds this contrast/estimand to the clean room."
"C3","known transport (8,323)","gose_favorable","trimmed ATE (g in [0.05, 0.95])","TMLE, IPCW via Delta",NA,NA,NA,NA,-0.0385,-0.0587,-0.0183,0.0103,6305,NA,"missing_in_cleanroom","Scheduled: September rebuild adds this contrast/estimand to the clean room."
"C3","known transport (8,323)","severe_disability","ATE","TMLE, IPCW via Delta",NA,NA,NA,NA,0.0404,0.0201,0.0606,0.0103,6538,NA,"missing_in_cleanroom","Scheduled: September rebuild adds this contrast/estimand to the clean room."
"C3","known transport (8,323)","severe_disability","ATO","Hajek overlap weights, percentile bootstrap",NA,NA,NA,NA,0.0358,0.0148,0.0571,0.0108,6538,NA,"missing_in_cleanroom","Scheduled: September rebuild adds this contrast/estimand to the clean room."
"C3","known transport (8,323)","severe_disability","ATT among outcome-observed","TMLE, complete case",NA,NA,NA,NA,0.0315,0.0097,0.0533,0.0111,6538,NA,"missing_in_cleanroom","Scheduled: September rebuild adds this contrast/estimand to the clean room."
"C3","known transport (8,323)","severe_disability","matched ATT","1:1 caliper matching, no replacement",NA,NA,NA,NA,0.0405,0.014,0.0686,NA,NA,NA,"missing_in_cleanroom","Scheduled: September rebuild adds this contrast/estimand to the clean room."
"C3","known transport (8,323)","severe_disability","trimmed ATE (g in [0.05, 0.95])","TMLE, IPCW via Delta",NA,NA,NA,NA,0.0382,0.0182,0.0582,0.0102,6305,NA,"missing_in_cleanroom","Scheduled: September rebuild adds this contrast/estimand to the clean room."
"C3","known transport (8,323)","time_arrival_to_intervention","ATE","TMLE, complete case",NA,NA,NA,NA,-18.9359,-47.0162,9.1445,14.3267,6309,NA,"missing_in_cleanroom","Scheduled: September rebuild adds this contrast/estimand to the clean room."
"C3","known transport (8,323)","time_arrival_to_intervention","ATO","Hajek overlap weights, percentile bootstrap",NA,NA,NA,NA,-25.4528,-55.7004,0.2486,14.576,6309,NA,"missing_in_cleanroom","Scheduled: September rebuild adds this contrast/estimand to the clean room."
"C3","known transport (8,323)","time_arrival_to_intervention","ATT among outcome-observed","TMLE, complete case",NA,NA,NA,NA,-36.9097,-75.8211,2.0018,19.8528,6309,NA,"missing_in_cleanroom","Scheduled: September rebuild adds this contrast/estimand to the clean room."
"C3","known transport (8,323)","time_arrival_to_intervention","matched ATT","1:1 caliper matching, no replacement",NA,NA,NA,NA,-15.4939,-52.9705,16.0436,NA,NA,NA,"missing_in_cleanroom","Scheduled: September rebuild adds this contrast/estimand to the clean room."
"C3","known transport (8,323)","time_arrival_to_intervention","trimmed ATE (g in [0.05, 0.95])","TMLE, complete case",NA,NA,NA,NA,-20.1376,-47.7702,7.4951,14.0983,6075,NA,"missing_in_cleanroom","Scheduled: September rebuild adds this contrast/estimand to the clean room."
"C3","known transport (8,323)","time_to_arrival","ATE","TMLE, complete case",NA,NA,NA,NA,-227.5892,-298.1176,-157.0609,35.9839,8162,NA,"missing_in_cleanroom","Scheduled: September rebuild adds this contrast/estimand to the clean room."
"C3","known transport (8,323)","time_to_arrival","ATO","Hajek overlap weights, percentile bootstrap",NA,NA,NA,NA,-254.4923,-326.2567,-177.9293,38.359,8162,NA,"missing_in_cleanroom","Scheduled: September rebuild adds this contrast/estimand to the clean room."
"C3","known transport (8,323)","time_to_arrival","ATT among outcome-observed","TMLE, complete case",NA,NA,NA,NA,-267.8131,-359.0471,-176.579,46.548,8162,NA,"missing_in_cleanroom","Scheduled: September rebuild adds this contrast/estimand to the clean room."
"C3","known transport (8,323)","time_to_arrival","matched ATT","1:1 caliper matching, no replacement",NA,NA,NA,NA,-218.9409,-318.4879,-127.4848,NA,NA,NA,"missing_in_cleanroom","Scheduled: September rebuild adds this contrast/estimand to the clean room."
"C3","known transport (8,323)","time_to_arrival","trimmed ATE (g in [0.05, 0.95])","TMLE, complete case",NA,NA,NA,NA,-256.4244,-330.1972,-182.6517,37.6392,7857,NA,"missing_in_cleanroom","Scheduled: September rebuild adds this contrast/estimand to the clean room."
"C3","known transport (8,323)","time_to_def_intervention","ATE","TMLE, complete case",NA,NA,NA,NA,-247.8586,-328.0057,-167.7115,40.8914,6371,NA,"missing_in_cleanroom","Scheduled: September rebuild adds this contrast/estimand to the clean room."
"C3","known transport (8,323)","time_to_def_intervention","ATO","Hajek overlap weights, percentile bootstrap",NA,NA,NA,NA,-268.2694,-353.1198,-178.8293,44.4891,6371,NA,"missing_in_cleanroom","Scheduled: September rebuild adds this contrast/estimand to the clean room."
"C3","known transport (8,323)","time_to_def_intervention","ATT among outcome-observed","TMLE, complete case",NA,NA,NA,NA,-377.5642,-490.3311,-264.7974,57.5341,6371,NA,"missing_in_cleanroom","Scheduled: September rebuild adds this contrast/estimand to the clean room."
"C3","known transport (8,323)","time_to_def_intervention","matched ATT","1:1 caliper matching, no replacement",NA,NA,NA,NA,-284.3276,-412.5232,-162.9045,NA,NA,NA,"missing_in_cleanroom","Scheduled: September rebuild adds this contrast/estimand to the clean room."
"C3","known transport (8,323)","time_to_def_intervention","trimmed ATE (g in [0.05, 0.95])","TMLE, complete case",NA,NA,NA,NA,-257.7233,-338.701,-176.7456,41.3152,6140,NA,"missing_in_cleanroom","Scheduled: September rebuild adds this contrast/estimand to the clean room."
"C3","known transport (8,323)","transferred_out","ATE","TMLE, complete case",NA,NA,NA,NA,0.013,0.0019,0.0241,0.0057,8301,NA,"missing_in_cleanroom","Scheduled: September rebuild adds this contrast/estimand to the clean room."
"C3","known transport (8,323)","transferred_out","ATO","Hajek overlap weights, percentile bootstrap",NA,NA,NA,NA,0.0129,9e-04,0.0241,0.006,8301,NA,"missing_in_cleanroom","Scheduled: September rebuild adds this contrast/estimand to the clean room."
"C3","known transport (8,323)","transferred_out","ATT among outcome-observed","TMLE, complete case",NA,NA,NA,NA,0.007,-0.0078,0.0217,0.0075,8301,NA,"missing_in_cleanroom","Scheduled: September rebuild adds this contrast/estimand to the clean room."
"C3","known transport (8,323)","transferred_out","matched ATT","1:1 caliper matching, no replacement",NA,NA,NA,NA,0.014,0.0019,0.0271,NA,NA,NA,"missing_in_cleanroom","Scheduled: September rebuild adds this contrast/estimand to the clean room."
"C3","known transport (8,323)","transferred_out","trimmed ATE (g in [0.05, 0.95])","TMLE, complete case",NA,NA,NA,NA,0.0115,2e-04,0.0228,0.0058,7988,NA,"missing_in_cleanroom","Scheduled: September rebuild adds this contrast/estimand to the clean room."
"C3","known transport (8,323)","transferred_out_higher_care","ATE","TMLE, complete case",NA,NA,NA,NA,0.011,8e-04,0.0212,0.0052,8301,NA,"missing_in_cleanroom","Scheduled: September rebuild adds this contrast/estimand to the clean room."
"C3","known transport (8,323)","transferred_out_higher_care","ATO","Hajek overlap weights, percentile bootstrap",NA,NA,NA,NA,0.0089,-0.0013,0.0197,0.0055,8301,NA,"missing_in_cleanroom","Scheduled: September rebuild adds this contrast/estimand to the clean room."
"C3","known transport (8,323)","transferred_out_higher_care","ATT among outcome-observed","TMLE, complete case",NA,NA,NA,NA,0.0028,-0.0105,0.0161,0.0068,8301,NA,"missing_in_cleanroom","Scheduled: September rebuild adds this contrast/estimand to the clean room."
"C3","known transport (8,323)","transferred_out_higher_care","matched ATT","1:1 caliper matching, no replacement",NA,NA,NA,NA,0.0092,-0.0024,0.0198,NA,NA,NA,"missing_in_cleanroom","Scheduled: September rebuild adds this contrast/estimand to the clean room."
"C3","known transport (8,323)","transferred_out_higher_care","trimmed ATE (g in [0.05, 0.95])","TMLE, complete case",NA,NA,NA,NA,0.0087,-0.0016,0.0191,0.0053,7988,NA,"missing_in_cleanroom","Scheduled: September rebuild adds this contrast/estimand to the clean room."
