"contrast","population","variable","n_removed","n_kept","mean_removed","mean_kept","smd"
"C1","all","inj_place_Private.House..Home",3377,4946,0.3971,0.0091,1.1007
"C1","all","intent_Intentional..assault.homicide..",3377,4946,0.3876,0.1017,0.7052
"C1","all","age",3377,4946,27.5397,32.7213,-0.4004
"C1","all","sought_prior_care",3377,4946,0.4255,0.2643,0.3442
"C1","all","inj_distance",3377,4946,20.1892,8.9539,0.3065
"C1","all","months_since_start",3377,4946,7.7915,9.0323,-0.3001
"C1","all","is_transfer",3377,4946,0.3278,0.2076,0.2739
"C1","all","n_regions_injured",3377,4946,2.2434,2.3724,-0.2031
"C1","all","sex_Female",3377,4946,0.2292,0.1706,0.1468
"C1","all","vitals_1_hr_missing",3377,4946,0.2792,0.3292,-0.1086
"C1","all","sbp_missing",3377,4946,0.3482,0.3164,0.0676
"C1","all","mech_inj_2",3377,4946,0.0163,0.0235,-0.0514
"C1","all","pulse_Not.examined",3377,4946,0.0814,0.0776,0.014
"C1","all","head_injury_severity",3377,4946,0.1081,0.1146,-0.0133
"C1","all","eiss_ais",3377,4946,15.6168,15.7147,-0.0099
"C1","control","inj_place_Private.House..Home",3332,3952,0.3983,0.0099,1.0996
"C1","control","intent_Intentional..assault.homicide..",3332,3952,0.3872,0.1149,0.6613
"C1","control","age",3332,3952,27.5293,32.5745,-0.3879
"C1","control","inj_distance",3332,3952,20.2792,9.1065,0.3033
"C1","control","months_since_start",3332,3952,7.7815,8.8529,-0.2579
"C1","control","sought_prior_care",3332,3952,0.4292,0.3234,0.2197
"C1","control","n_regions_injured",3332,3952,2.2425,2.355,-0.179
"C1","control","is_transfer",3332,3952,0.3304,0.2548,0.1668
"C1","control","sex_Female",3332,3952,0.2281,0.1723,0.1397
"C1","control","vitals_1_hr_missing",3332,3952,0.2797,0.3262,-0.1012
"C1","control","sbp_missing",3332,3952,0.3484,0.3173,0.0661
"C1","control","mech_inj_2",3332,3952,0.0162,0.0207,-0.0337
"C1","control","pulse_Not.examined",3332,3952,0.081,0.0762,0.0181
"C1","control","head_injury_severity",3332,3952,0.1071,0.1106,-0.007
"C1","control","eiss_ais",3332,3952,15.5849,15.6349,-0.0051
"C1","treated","intent_Intentional..assault.homicide..",45,994,0.4222,0.0493,0.9687
"C1","treated","inj_place_Private.House..Home",45,994,0.3111,0.006,0.9092
"C1","treated","sought_prior_care",45,994,0.1556,0.0292,0.4431
"C1","treated","is_transfer",45,994,0.1333,0.0201,0.4311
"C1","treated","age",45,994,28.3089,33.3048,-0.4309
"C1","treated","sex_Female",45,994,0.3111,0.164,0.3485
"C1","treated","months_since_start",45,994,8.5275,9.7456,-0.2991
"C1","treated","vitals_1_hr_missing",45,994,0.2444,0.341,-0.2124
"C1","treated","inj_distance",45,994,13.5244,8.3471,0.2055
"C1","treated","n_regions_injured",45,994,2.3111,2.4416,-0.1953
"C1","treated","eiss_ais",45,994,17.9778,16.0322,0.1911
"C1","treated","pulse_Not.examined",45,994,0.1111,0.0835,0.0926
"C1","treated","head_injury_severity",45,994,0.1778,0.1308,0.0831
"C1","treated","mech_inj_2",45,994,0.0222,0.0342,-0.0721
"C1","treated","sbp_missing",45,994,0.3333,0.3129,0.0435
"C2","all","inj_place_Private.House..Home",2838,4327,0.4158,0.0116,1.1334
"C2","all","intent_Intentional..assault.homicide..",2838,4327,0.3936,0.1137,0.6793
"C2","all","age",2838,4327,27.7754,32.5874,-0.3703
"C2","all","n_regions_injured",2838,4327,2.1934,2.3719,-0.296
"C2","all","sought_prior_care",2838,4327,0.3816,0.2618,0.2585
"C2","all","months_since_start",2838,4327,8.026,9.0359,-0.2416
"C2","all","inj_distance",2838,4327,14.9759,9.322,0.2117
"C2","all","is_transfer",2838,4327,0.2858,0.1976,0.207
"C2","all","sex_Female",2838,4327,0.2389,0.174,0.1608
"C2","all","sbp_missing",2838,4327,0.3795,0.3203,0.1243
"C2","all","eiss_ais",2838,4327,14.5729,15.545,-0.1038
"C2","all","mech_inj_2",2838,4327,0.0137,0.025,-0.0815
"C2","all","head_injury_severity",2838,4327,0.0856,0.1091,-0.0516
"C2","all","pulse_Not.examined",2838,4327,0.0909,0.0786,0.0443
"C2","all","vitals_1_hr_missing",2838,4327,0.3189,0.3374,-0.0395
"C2","control","inj_place_Private.House..Home",2798,3328,0.4174,0.0126,1.1321
"C2","control","intent_Intentional..assault.homicide..",2798,3328,0.3942,0.1316,0.6249
"C2","control","age",2798,3328,27.7558,32.3897,-0.3542
"C2","control","n_regions_injured",2798,3328,2.1923,2.3507,-0.2665
"C2","control","inj_distance",2798,3328,14.9875,9.6146,0.1988
"C2","control","months_since_start",2798,3328,8.0165,8.8266,-0.1924
"C2","control","sex_Female",2798,3328,0.238,0.1767,0.1517
"C2","control","sbp_missing",2798,3328,0.381,0.3218,0.1242
"C2","control","sought_prior_care",2798,3328,0.3842,0.332,0.109
"C2","control","eiss_ais",2798,3328,14.5075,15.4099,-0.0969
"C2","control","is_transfer",2798,3328,0.2873,0.2512,0.0815
"C2","control","mech_inj_2",2798,3328,0.0139,0.0219,-0.0603
"C2","control","pulse_Not.examined",2798,3328,0.0908,0.0769,0.05
"C2","control","head_injury_severity",2798,3328,0.0829,0.1037,-0.0464
"C2","control","vitals_1_hr_missing",2798,3328,0.3209,0.3356,-0.0313
"C2","treated","inj_place_Private.House..Home",40,999,0.3,0.008,0.8738
"C2","treated","intent_Intentional..assault.homicide..",40,999,0.35,0.0541,0.7846
"C2","treated","sought_prior_care",40,999,0.2,0.028,0.5559
"C2","treated","is_transfer",40,999,0.175,0.019,0.5402
"C2","treated","vitals_1_hr_missing",40,999,0.175,0.3433,-0.3894
"C2","treated","age",40,999,29.1475,33.2462,-0.3431
"C2","treated","sex_Female",40,999,0.3,0.1652,0.3208
"C2","treated","eiss_ais",40,999,19.15,15.995,0.3019
"C2","treated","mech_inj_2",40,999,0,0.035,-0.2693
"C2","treated","months_since_start",40,999,8.6909,9.733,-0.2622
"C2","treated","n_regions_injured",40,999,2.275,2.4424,-0.2495
"C2","treated","head_injury_severity",40,999,0.275,0.1271,0.2244
"C2","treated","inj_distance",40,999,14.1675,8.3473,0.2184
"C2","treated","sbp_missing",40,999,0.275,0.3153,-0.0879
"C2","treated","pulse_Not.examined",40,999,0.1,0.0841,0.0547
"C3","all","inj_place_Private.House..Home",314,8009,0.6178,0.1488,1.1
"C3","all","intent_Intentional..assault.homicide..",314,8009,0.5924,0.203,0.8662
"C3","all","eiss_ais",314,8009,10.9586,15.8599,-0.5502
"C3","all","n_regions_injured",314,8009,2.0669,2.33,-0.465
"C3","all","sex_Female",314,8009,0.3694,0.1875,0.414
"C3","all","is_transfer",314,8009,0.1178,0.2618,-0.3733
"C3","all","sought_prior_care",314,8009,0.1911,0.3351,-0.3314
"C3","all","months_since_start",314,8009,7.2315,8.5797,-0.3019
"C3","all","inj_distance",314,8009,5.9763,13.808,-0.3013
"C3","all","age",314,8009,27.2596,30.7506,-0.2745
"C3","all","head_injury_severity",314,8009,0.0255,0.1154,-0.2303
"C3","all","vitals_1_hr_missing",314,8009,0.414,0.3048,0.2289
"C3","all","pulse_Not.examined",314,8009,0.1242,0.0774,0.1557
"C3","all","mech_inj_2",314,8009,0.0064,0.0211,-0.1268
"C3","all","sbp_missing",314,8009,0.3599,0.3281,0.0668
"C3","control","inj_place_Private.House..Home",306,5820,0.6176,0.1754,1.0124
"C3","control","intent_Intentional..assault.homicide..",306,5820,0.598,0.2333,0.7958
"C3","control","eiss_ais",306,5820,10.6699,15.2253,-0.5463
"C3","control","n_regions_injured",306,5820,2.049,2.2904,-0.4657
"C3","control","is_transfer",306,5820,0.1144,0.2758,-0.4158
"C3","control","sought_prior_care",306,5820,0.1863,0.3648,-0.4075
"C3","control","sex_Female",306,5820,0.3693,0.196,0.3916
"C3","control","inj_distance",306,5820,5.177,12.431,-0.375
"C3","control","months_since_start",306,5820,7.2636,8.5193,-0.279
"C3","control","age",306,5820,27.2108,30.4342,-0.2506
"C3","control","head_injury_severity",306,5820,0.0163,0.0983,-0.2368
"C3","control","vitals_1_hr_missing",306,5820,0.4183,0.3242,0.1955
"C3","control","pulse_Not.examined",306,5820,0.1275,0.0809,0.1526
"C3","control","mech_inj_2",306,5820,0.0065,0.0189,-0.1105
"C3","control","sbp_missing",306,5820,0.3693,0.3478,0.0448
"C4","all","sought_prior_care",99,2098,0.899,0.2264,1.8409
"C4","all","is_transfer",99,2098,0.8283,0.1964,1.6273
"C4","all","inj_distance",99,2098,146.6929,11.4442,1.1325
"C4","all","inj_place_Private.House..Home",99,2098,0.4343,0.0634,0.9459
"C4","all","vitals_1_hr_missing",99,2098,0.0101,0.2645,-0.7952
"C4","all","eiss_ais",99,2098,26.1111,17.1602,0.744
"C4","all","months_since_start",99,2098,6.5627,8.8325,-0.6135
"C4","all","age",99,2098,24.7697,31.9043,-0.4864
"C4","all","intent_Intentional..assault.homicide..",99,2098,0.2525,0.1173,0.3527
"C4","all","head_injury_severity",99,2098,0.404,0.1501,0.3257
"C4","all","pulse_Not.examined",99,2098,0.0202,0.0701,-0.2416
"C4","all","n_regions_injured",99,2098,2.5758,2.4299,0.1773
"C4","all","mech_inj_2",99,2098,0.0101,0.0276,-0.129
"C4","all","sbp_missing",99,2098,0.2323,0.2769,-0.1023
"C4","all","sex_Female",99,2098,0.1818,0.1649,0.0445
"C4","control","sought_prior_care",99,1059,0.899,0.4145,1.1843
"C4","control","inj_distance",99,1059,146.6929,14.2628,1.1048
"C4","control","is_transfer",99,1059,0.8283,0.3645,1.0703
"C4","control","inj_place_Private.House..Home",99,1059,0.4343,0.1067,0.7905
"C4","control","eiss_ais",99,1059,26.1111,18.1841,0.6431
"C4","control","vitals_1_hr_missing",99,1059,0.0101,0.1936,-0.6362
"C4","control","age",99,1059,24.7697,30.7426,-0.4008
"C4","control","months_since_start",99,1059,6.5627,7.9883,-0.3875
"C4","control","head_injury_severity",99,1059,0.404,0.1671,0.2977
"C4","control","intent_Intentional..assault.homicide..",99,1059,0.2525,0.1681,0.2077
"C4","control","pulse_Not.examined",99,1059,0.0202,0.0557,-0.1863
"C4","control","n_regions_injured",99,1059,2.5758,2.424,0.1828
"C4","control","mech_inj_2",99,1059,0.0101,0.0217,-0.0928
"C4","control","sex_Female",99,1059,0.1818,0.1596,0.0589
"C4","control","sbp_missing",99,1059,0.2323,0.2408,-0.0199
